player_short,Country
keenc,ca
Sushie,ph
dodonut,th
yay,us
WARDELL,ca
Cryocells,us
TenZ,ca
florescent,ca
NiSMO,lb
Verno,us
moobs,ca
Smoke,us
dicey,us
Zellsis,us
koalanoob,ca
meL,us
leaf,us
Wildfire,ua
eeiu,ca
ShoT_UP,us
Demon1,us
zekken,us
StarBound,ca
skuba,us
BABYBAY,us
PLAYER,un
xeta,kr
DraYstaR,us
c4Lypso,ca
PowerPixele,us
Xeppaa,us
trent,us
Genghsta,mn
brawk,us
sinatraa,us
SicK,us
johnqt,ma
XXiF,ca
bdog,us
sarahcat,ca
Melvin,un
v1c,us
dam,us
Neon,us
penny,ca
corey,us
flare,vn
Ange,ca
Bob,au
Brookelynn,ca
Reduxx,us
clear,ph
runi,us
moose,ca
kiara,un
zander,ca
BcJ,us
wrld,us
Derrek,us
Sayaplayer,kr
Will,ca
ANDROID,ca
GianSanity,ph
bella,us
Logan,us
tex,us
Azulite,us
mimiFPS,ca
Hiko,us
mehzy,ph
wPanda,us
L4CE,us
seven,mx
avery,se
OXY,us
NaturE,us
Hannah,us
mada,ca
cath,ca
ShahZaM,us
Tastyy,un
aproto,us
cryptX,us
xprt,us
ZexRow,us
Kanpeki,us
Jazzyk1ns,ca
bsmooth,us
toozy,us
pwny,us
jcrueL,us
Asuna,us
Zoe,us
Paincakes,us
sharky,us
brax,us
Ali,us
bang,us
crashies,us
Shawn12590,us
mitch,us
Critical,ca
happy,un
BlackHeart,ca
thief,us
poiz,us
Dcop,mx
cp2,us
Andrew,un
wippie,ru
Rickdad,un
KHS,us
s0m,us
JonahP,ca
Marved,ca
thwifo,us
valyn,us
zeldris,us
frutta,un
effys,ca
rivszn,ca
Stewie2k,us
chloric,us
YaBoiDre,us
curry,us
jmoh,us
KING VINNY,vn
ban,kr
Spaz,us
Huji,us
whitr,ca
Ethan,us
ScrewFace,us
venture,ca
pl1xx,au
wavy,kr
dizzyLife,au
Katarina,us
panday,us
nitr0,us
Pa1nt,us
ozz,ir
dynamic,us
SwayZ,ca
Jonaaa6,us
Rahr,ca
C0M,us
hemmer,ca
Temperature,us
randyySAVAGE,ca
Victor,us
jawgemo,kh
Meeeeester Juan,us
Drone,us
svL,us
creeperonthabeat,un
Dark3st,us
Warmest Aloha,us
Bones,vn
dapr,us
tech,us
zero cap,vn
Rossy,us
shifty,us
jeffie,us
Jerk,ca
gMd,ca
daps,ca
Hyperz,un
Cade3k,us
SUPERKAT,ca
PureR,us
azrex,us
Lear,us
Hydro,un
ZK,us
Noia,dk
bunnybee,us
nillyaz,us
stare,us
ZachaREEE,us
Venerated,us
Lin,ca
stellar,us
RaijuACE,us
summertime,un
Soop,us
theia,us
Harmful,us
Australis,us
renz,us
itnothan,us
katsumi,us
tokyo,br
icee,us
supamen,us
TiGG,us
SmokeyTheBear,un
furbsa,us
RetrQ,us
AnnieDro,us
bjor,us
Precision,us
atlas,ca
showliana,br
edith,us
Cain,ca
Kehmicals,ca
alexis,us
MAKKA,us
kyle,us
WhoFramedMe,us
Nick,us
JSUNG,us
WeDid,ca
ALEKSANDAR,us
geeza,us
Vyx,us
neptune,us
Blahst,us
vanity,us
Exalt,cu
flowerful,us
SaucetiN,us
tylerboy,vn
fiziq,us
Pr0phie,us
Smoodies,ca
xelA,us
Ethan,un
jovahnii,us
vice,us
kaboose,us
skies,us
Korsonix,us
Maegumi,us
BearZ,us
dephh,gb
jakee,us
PureVNS,us
LeviathanAG,us
sonder,cn
Poach,us
Chase,un
Rawkus,us
9er,sa
Apoth,ca
iinoob,ca
Bad,us
mummAy,us
gucc107,us
ZerG,us
fletcher,us
eVoL,us
Shanks,ca
kirei,us
yung calculator,us
mina,us
Enjoy,us
Yoshii,vn
shonk,us
Crunchy,au
nerve,us
Esmé,un
Boostio,us
sym,us
Playboi Joe,us
jcStani,us
Andersin,us
Karra,kr
cavern,us
scourge,us
Entri,us
d1msumboi,ca
Bankroft,ca
clawdia,us
athxna,ca
dawn,us
req,us
mars,us
reach,us
FireBallOps,us
simba,us
Cowpie867,us
Trill,au
BabyJ,us
fourleaf,us
mili,us
Cohburg,us
King,ca
DBK,ru
konoxians,us
syfi,us
RaM,us
Oderus,us
panini,us
Governor,us
kr1sP,us
seyq,fr
cheatcode,ph
ohai,us
rubski,ca
Jangler,us
ketarys,vn
AYRIN,ca
Brando,us
LarryBanks,ca
bew,us
Nanners,us
Tsuya,vn
dip,us
pho,us
YAMS,ca
rain,ca
VolcaN,ca
Aiko,us
Yeji,us
Kehem,us
mleqt,ca
Dory,us
Dani,ca
Vora,us
Tristiieee,us
Sofa,us
Carlee,us
rayse,vn
nathn,us
Cab8ts,us
Dogo,vn
Okeanos,vn
iyen,au
Vernina,ca
Zoestol,us
Conch,us
Lorri,ph
Vetreon,us
Subroza,ca
MAR1,ca
kouhai,ca
truo,ca
hazed,us
Bobovo,un
icy,us
Link,ca
Virtyy,do
emluo,us
shawn,us
tyfoon,un
epathy,us
DENYA,ca
Shrony,us
Dinxx,ca
Xhowi,do
Shondex,tr
karie,fj
xeboda,us
jas0n,vn
gabersenn,us
Thieney,us
Tkaz,us
Neat,us
aika,vn
andrew,ph
dazzLe,us
4Tapping,lt
grimoire,us
sacred,in
traekS,us
arato,us
snirot,ps
RETRAC,us
Instxnct,ca
snxper,ca
slaze,us
koki,un
flyuh,us
Kazler,pl
babysoap,us
EmilShe1n,az
Soto,us
RiceballiNNN,us
Trick,us
neT,us
bungee,us
TEAGUE,us
fawn,us
refinnej,us
maple,un
zombs,us
zerona,un
Winsum,us
Harmon,us
Toph,ca
Toy,us
zinc,us
rara,us
Velocity,ca
sae,vn
infiltrator,vn
saint,us
roca,us
snarly,us
Stefanie,us
eli,mx
tyti,us
rarkar,us
JSP,ca
jammyz,us
Reptar,us
Pain,us
cbui,un
HUYNH,ca
Velocity,us
intox,ca
Jan,us
IDK,ca
kwsp,ca
teach,us
Casblood18,us
trisk,us
Tim,us
Katashio,us
Jack1,us
Clewy,un
Psyche,us
agM,us
Agility,us
torract,mx
GLYPH,ph
Jivy,us
reltuC,us
Scottie,us
Momiji,kr
Kushay,kr
opTED,us
LunaFox,us
GMAN,cu
sSef,ca
Emy,us
miniature,us
Sader,un
NOVEMBER,un
w0rldw1de,us
KIS,us
riku,us
ExciteMVP,us
COOKIEOREOYUMMY1,us
Rebo,us
contii,hk
bearkun,us
Ponder,us
CrayCup,un
ROY,ca
ARIANARCHIST,ca
Papi,do
Delishous,un
payen,us
Crescent,us
Tiger,pr
tupperware,us
Princessicy,us
ricky,ca
rise,ca
Amir,un
Nem0,us
bENITA,us
HOOLiGN,us
FIEND,us
kaz,us
Reformed,ca
Bandit,kr
Ellie,us
carlos,us
acrian,ca
seb,us
In0X,is
Okin,us
jen,us
DRAVANRA,ca
kaplan,us
HOON,us
Bape,un
alvarxz,ph
EMUHLEET,us
tms,us
Torrify,us
Apl,ca
Nahsie,us
benjii,kr
KP,us
PLAYER1,ca
Furzaan,un
Shootah,us
Julia,us
supA,us
Rustun,us
figment,us
SmartPunch,un
scoll,ca
insky,us
tem,ru
RunnerPS,us
POISED,ca
zambie,us
Potatoe,us
mikee,us
welyy,no
steel,ca
mikshak,us
nabil,ca
kxtieoh,us
nautic,us
fate,us
Flippsy,ca
Stealthy,ca
Thigwrb,us
Posters,us
Jaryd,ca
kev,us
Osias,ph
Nurfed,us
duck,us
korosu,us
Campion,us
b0i,us
Migstur,mx
ShimmyXD,ca
XnB,ph
miku,mx
Bewd,us
Akame,us
lunah,tw
Eley,us
endure,us
Tiraye,us
Thom,us
amnesia,us
upset,us
Spirit,us
Add3r,us
chase,us
silenx,us
Scrounge,us
LeahPanda,ca
Kepraj,ca
Juice,un
Ltomlee,us
ZeroData,us
3005,us
A77,us
fifi,tw
Kyro,ca
floppy,us
Tommy,us
Jayymilz,do
MattZ,kr
bless,un
Kaoticcc,vn
Kasche1x,us
Veer,us
kaya,in
Yif,us
Cyn,ca
Infinity,us
smalls,us
VYX,us
witness,us
Nothin,us
JUST_IN,us
iKoniK,ca
Ksiaze,ca
Casperr,cn
Jet,us
xCeeD,us
instinct,us
khanartist,us
Huston,us
psalm,us
Menace,us
Relyks,us
Monkey02,un
ART1C,us
dangle,us
ROOMPA,us
Moechilla,us
bladee,ca
Zebroe,vn
caders,us
Medusa,us
royal,us
addison,us
Maanish,us
plat1num,mn
Hollywood,us
Teddy,us
monSi,ca
sufu,ca
tie,us
Bunnyhuh,us
island,jp
John Ham,us
Papicam,ca
Cai,cn
Awkua,us
satellite,us
Welshy,us
66J,us
Keiti,us
steph,us
sogo,it
dsr,ca
light,jp
ADRENALINE,us
unstable,kr
kay,us
jelii,un
Kay,us
Complex,us
pierson,ca
ethos,us
bazix,us
zill,ca
ryann,us
ChurmZ,us
zeek,ca
suerte,ph
NXBLE,us
HIA,us
tsalad,un
nmutuA,us
MOCKING,us
Kenji,ph
stee,us
BlackMoose,us
maithority,us
ceeJay,us
bm1,us
Jessie,us
ShoukR,us
m1yu,us
JoBa,us
TeddyIsFluffy,un
Sympul,us
Lazee,us
b0ssy,iq
Toskri,ca
diaamond,us
Maddie,us
HAXXA,un
Hira,us
Morgausse,us
Shora,us
P I G G Y,us
Troll,us
starriebun,kr
smiley,ca
artStar,us
Hopper,ca
Sugarfree,us
plaza,us
Kuaresma,ca
mikeysnipey,us
Gcxxi,ca
FNS,ca
THOOMER,us
kalvinn,un
Ptero,us
supermonkey,us
laddermoves,us
leak,ca
mikester,us
always,un
shroud,ca
feigned,kr
tdawgg,us
scarn,us
alimonstr,us
zekei,us
Lomein,vn
jwordn,ca
lucas,cn
willy,us
Naomi,us
KOLER,ca
thai,us
kazz,un
Frosty,us
Emzuwu,gb
Delight,us
hyjinx,us
Lynn,us
WicK,us
Dynasty,ca
Eazy,ca
Kryptic,us
deejay,us
Bawn,us
Serving,us
foreplay,us
ASSERT,us
katar,un
nPanda,us
xqReaper,ca
Aniemal,us
Pajko,us
DXN,us
dizzy,us
Elevate,ca
alvin,vn
BRANTED,us
Havex,ca
demon,us
Yape,us
Pingfu,us
Babu,us
shen,la
Gigi,us
dip,us
Town,us
PateK,us
Soop,us
PapaSmurf,us
felix,de
OneSnipeKO,ca
Kurt,us
Jello,ca
emm,un
r3p,us
LeeLee,us
AntoL,ca
cutedog,us
Dopai,us
maju,un
dom,us
HUDFAME,pl
Hernando,un
Sora,us
Cloudey,ca
Core,un
DARRIN,us
dev,us
Showtime,us
euroh,us
Fractured,us
stunna,us
Belle,mx
chime,us
Heero,us
wrong,ca
Rui,us
Highkeyangel,us
Dill,us
Rythm,us
churro,us
wooo,un
Kayros,fr
Slandy,us
Blitzz,us
crakd,us
EccentriK,un
gh0st,us
Mazza,us
Snackie,un
Drave,us
tetchra,us
Trensiq,us
Cheesyace,us
wiLLzki,us
BlanK,un
cawn,us
phoon,vn
Tyler,us
Chels,ca
dre,us
seoul,kr
wubby,ca
Druff,ua
IceyKL,gt
Magowi,ca
Violette,us
Gonchz,us
Stunny,un
Adam,us
Night,us
MICKNUTTY333,us
BODA,us
Legend,us
Ming,us
juice,us
AR5,us
kingston,cn
Alexe1337,ca
Dubbin,us
MoonBlue,hk
Pix,us
wraith,us
Exotic,es
Hoppin,us
rev0h,ca
maryna,us
Strafe,us
Dsyleixc,ca
Scroll,us
jekor,ru
MungusTheGiant,un
Abram,us
JazzyB,in
reign,un
hyun,ca
cevv,us
Lex,us
chanse,us
Kip,ca
BABYSHARKZAZA66,ca
RESHURA,us
PrimeMCD,us
Amber,us
YellowFISH,mx
Singularity,us
Keta,us
br9dy,ca
Polkan,ru
Carbyn,us
Boltzy,pr
prim,ca
squirmor,us
Chavez,un
Decay,ca
cwaudia,lt
khoi,us
distorted,un
Zamal,ca
cutefatboy,us
FRIZZY,us
BEAST,us
FAIRY,pl
Grego,us
allegedlyalexa,un
ashxtru,un
nate,us
Waltz,us
wh0,pl
Kmlord,do
Tempt,us
Kenny,us
Arctic,us
Enzo,us
Bahzar,un
Reality,us
Soul,us
Flonson,us
JunaFour,us
Rejante,ca
Uncreative,ca
wasd,un
Kouf,ca
Dragon,us
Swervo,ir
UNSHAKEN,us
Berghy,us
thiief,ca
jjjoshy,un
Wolffe,us
x0tek,us
eskay,us
SKIM,us
streets,un
alpine,ca
Jeba,en
pugstar,us
Mueda,us
S2A,us
erkaSt,mn
Toast,un
StealthyMike,us
kumi,us
DAVID,un
Eshotz,us
miyara,un
ZURC,un
Yum07,us
Kayleigh,us
Flop,us
bru,us
evaD,un
Cille,dk
Burton,us
di^,us
soojai,us
Waffle,cu
Denz,us
Rexgator,us
Ezire,ca
leah,mx
FAMOUS,un
ino,us
unae,us
Khai,us
Crazymojo,un
Aery,un
V0NS,us
SHNOZERBULLDOZER,ca
Chrome,us
FaNbF4,ca
TonyV,us
AlphaFly,us
Legedien,un
SoyAnthony,un
Hope,ca
Klamran,ca
Risorah,us
Symbiotic,us
Chobo,us
robwiz,ca
Neprix,us
SoberSushi,us
WorldRise,pr
JamKes,un
Tayz,us
Existinge,us
Altered,gb
JSIN,us
Donovan,us
Crown,us
Shane,us
Nabaki,ca
Storax,pk
YJS,ca
JGM,us
Kamiunist,ua
fraggleton,us
PROD,us
WiLD,us
Tillo,us
Ouate,ca
FugLy,us
redo,ph
Philip,us
tylo,us
Sworns,ca
Selldrudd,un
Qlutch,us
vanish,us
pauLy,us
Soba,ca
denni,us
Restoredrambo,us
Typhon,kr
Blush,us
Rayano,ca
Xyph9r,us
Badger,us
justinovah,us
Sarastarr,us
KillerMiller,us
Shockah,un
Interlaced,us
Borj,ph
stig,ca
Apqa,un
Sable,bd
Rereiana,us
Nightmare,cu
PapaCole,us
reece,us
Aroma,us
Sanity,kr
Shiro,us
Joseph,us
Trippy,ca
toxik,un
pretty,ca
TESTINGSERVICE69,us
HILTON,us
enteka,un
Rest,us
elvis,ca
Zento,un
dash,ca
Jben,us
DGL,us
Matt,us
vasperal,us
Unholykid,us
ciao,us
Nara,un
Envys,un
Isaac,mx
eoz,us
Yolo,ca
Starlight,us
BLuezZ,ca
Mady,us
melJ,us
cky,us
Donkey,us
drenzn,us
Sharked,ca
Nora,un
Dagr1s,us
coffeemaker1,un
habibti,us
Vroom,pl
peachtea,us
LugLumpy,us
kipp,ca
nmgreen,un
yngty,us
rushhh,us
PreTaxMicrob,us
casuaL,un
syncer,us
Kal,un
Romey,un
Mile,ca
spite,us
serg,us
Prof,us
GetGreedy,us
Gio,us
zoe,mx
Tn,un
Λero,us
Pyro,kh
BaTz,us
enaye,us
Apidaez,ca
Lou,us
Notta,us
LeViperrr,un
witmer,us
Neat,un
SexyChristian,us
Ninja,us
LuckyLeader,us
Beko,un
Benevolence,us
Fonder,us
kilroy,un
root,us
Rano,us
potter,us
Dreylo,ca
Arec,ca
Krinklebein,us
Fearozen,mn
ToastyUnicorns,ca
sai,us
ermcaroline,us
Boni,un
TomZu,us
AJ,us
Jasprr,un
Swifts,ca
Aloka,gb
NukeProphet,tb
Paige,us
mist,un
Bellexion,ca
cece,ca
pkr,us
MOOD,ca
veloo,un
dior,us
n4ts,us
Cfax,us
Kraken,un
LBuddy,us
karma,us
Vigilance,un
brisk,us
Imposter,cn
nobu,jp
sideSWIPE,un
reprive,un
arcKite,jp
Nudle,un
Synergy,ca
Natty,jp
JPARK,kr
witch,un
dino,us
griffin,us
laoken,un
JoshRT,us
ARES,us
Starryy,us
HyperDuck,us
Drakious,us
Lana,jo
Daimyo,jp
heist,us
MELYA,us
polarbear,un
Atake,sv
Shuga,us
Sofia,un
zid,us
egggs831,un
asian,un
pao,ca
SangoGG,un
Vinny,us
Jonji,ca
Demo,ca
shinobi,us
paranoid,us
jD,ca
aldenS,ca
trunkZ,ca
Sosa,un
flavor,us
renai,us
Jacket,mx
stobie,fr
Jaomock,ca
shrouts,us
Soapytw,un
Puffin,us
Tailo,un
Manbow,us
Dreamz,un
Jinnie,us
CurryASD,ca
Turnup,us
Shockah Bobackah,un
powa,un
dKim,us
Kurama,us
Avxrsive,us
Danii,us
Jenna,us
aru,us
Khaled,ca
Twizdd,us
Drios,us
ImJustDevin,us
JDawnX,us
Buhms,ba
savi,us
Ah1ra,ca
Joey,us
Crit,us
ronaldo,ca
nedg,us
coldy,us
Atticus,ca
cciscray,us
FIERCE1,ca
genuine,us
Jay,us
Agr0,us
Rykinn,un
Social,us
Kawaii,ca
hoot,us
Laisha,us
Bubbles,us
tediousdeer2844,us
Ryxoz,un
gosha,us
wOBBS,un
Leaves,un
spaz,un
Ames,us
tanaKa,us
Lyt,us
KaiC,us
aldm,us
Shifty,us
ysk,hr
Satty,ca
Hawk,us
Spook,us
azez,au
mobi,us
Jupiter,us
yukiyo,vn
psychowinn,us
Grimm,un
ksweet,us
Vorteez,us
Nosyy,za
ragingpenguin,us
hyunseo,us
carn0,us
Soar,ca
yongled,un
Coach Joe,us
Yoda,us
Laski,us
spoog,us
RKTA,un
Melllxz,us
cch0,us
chqse,us
Dykaz,ba
JEFFREY,ca
Harmony,us
Karizmah,in
dnos,us
style,ca
Teets,us
jarosa,un
m1lky,us
Osu,ca
Gjalla,us
SugoiTkapp,us
eqnx,us
PNASTY,us
RILLA,un
xeric,us
JSauls,us
mFH,us
Frisco,us
Xp3,fr
Bunny,us
sh,us
JP2,us
yana,us
MiLLER,us
LiN,ca
mizoo,us
ColeUP,ca
LeX,us
abE,us
gmanchew,ca
Tucker,us
Melio,ca
Kurtis,ca
miLLe,ca
Infinite,us
aKis,us
Pride,ca
Valliate,us
anger,us
Tork,us
Nicolas,ca
zecK,us
