player_short,Team
,
keenc,GX3
Sushie,CR
dodonut,CLG
yay,C9
WARDELL,TSM
Cryocells,100T
TenZ,SEN
florescent,V1
NiSMO,M80
Verno,OXG
moobs,CR
Smoke,YFP
dicey,FaZe
Zellsis,C9
koalanoob,M80
meL,V1
leaf,C9
Wildfire,Foxy
eeiu,M80
ShoT_UP,NYFU
Demon1,EG
zekken,SEN
StarBound,
skuba,OXG
BABYBAY,FaZe
PLAYER,
xeta,T1
DraYstaR,YFP
c4Lypso,RETA
PowerPixele,EG.GC
Xeppaa,C9
trent,TGRD
Genghsta,DSG
brawk,MxM
sinatraa,SEN
SicK,SEN
johnqt,M80
XXiF,DSG
bdog,SR
sarahcat,V1
Melvin,UCSD
v1c,SR
dam,
Neon,TSR
penny,G2
corey,TSM
flare,
Ange,MAD
Bob,C9W
Brookelynn,TMV
Reduxx,OXG
clear,DSG
runi,SQ
moose,SR
kiara,
zander,M80
BcJ,EG
wrld,Fall
Derrek,100T
Sayaplayer,T1
Will,MAD
ANDROID,OU
GianSanity,QoR
bella,AGP
Logan,LV
tex,TGRD
Azulite,
mimiFPS,TMV
Hiko,100T
mehzy,DNAD
wPanda,ME
L4CE,GX3
seven,TSM
avery,DART
OXY,G2
NaturE,TSM
Hannah,GEN.B
mada,SR
cath,Vela
ShahZaM,G2
Tastyy,RIOS
aproto,MxM
cryptX,FIU
xprt,NA
ZexRow,MAD
Kanpeki,TSM
Jazzyk1ns,GX3
bsmooth,
toozy,LV
pwny,OXG
jcrueL,0
Asuna,100T
Zoe,MSF
Paincakes,CB
sharky,COL
brax,T1
Ali,Crou
bang,100T
crashies,NRG
Shawn12590,Sove
mitch,OXG
Critical,MAD.SC
happy,RIOS
BlackHeart,TSR
thief,MxM
poiz,C9A
Dcop,FS
cp2,RNG
Andrew,
wippie,G2
Rickdad,
KHS,TAMU
s0m,Team
JonahP,TGRD
Marved,SEN
thwifo,NRG
valyn,TGRD
zeldris,OR
frutta,TK
effys,V1
rivszn,CR
Stewie2k,TN
chloric,LV
YaBoiDre,NYFU
curry,C9
jmoh,VRT
KING VINNY,TFT
ban,T1
Spaz,Blin
Huji,
whitr,
Ethan,EG
ScrewFace,EG
venture,MR
pl1xx,WBG
wavy,Hype
dizzyLife,SQ
Katarina,VX
panday,AGP
nitr0,100T
Pa1nt,AOE
ozz,CR
dynamic,T1
SwayZ,LT
Jonaaa6,OR
Rahr,
C0M,EG
hemmer,
Temperature,YFP
randyySAVAGE,OXG
Victor,NRG
jawgemo,EG
Meeeeester Juan,YFP
Drone,MAD
svL,The
creeperonthabeat,
Dark3st,NW
Warmest Aloha,GODS
Bones,NSIC
dapr,SEN
tech,MAD.SC
zero cap,sqn
Rossy,FaZe
shifty,FREE
jeffie,TR
Jerk,GEN
gMd,TSM
daps,NRG
Hyperz,SLR
Cade3k,TS
SUPERKAT,RIOS
PureR,SQ
azrex,
Lear,OR
Hydro,DMG
ZK,MR
Noia,V1
bunnybee,riri
nillyaz,OR
stare,Wind
ZachaREEE,CB
Venerated,LG
Lin,YFP
stellar,100T
RaijuACE,
summertime,noot
Soop,
theia,EG.GC
Harmful,TTR
Australis,
renz,LT
itnothan,CLG
katsumi,C9W
tokyo,FIU
icee,
supamen,FaZe
TiGG,TTR
SmokeyTheBear,Team
furbsa,NW
RetrQ,The
AnnieDro,C9W
bjor,ZMM.B
Precision,NA
atlas,
showliana,EG.GC
edith,MSF
Cain,SFU.F
Kehmicals,99S
alexis,V1
MAKKA,PK
kyle,
WhoFramedMe,
Nick,TM
JSUNG,NYFU
WeDid,TTR
ALEKSANDAR,YFP
geeza,NA
Vyx,
neptune,NSIC
Blahst,VRT
vanity,C9
Exalt,DSG
flowerful,SR.GC
SaucetiN,TMA
tylerboy,TR
fiziq,Sove
Pr0phie,TR
Smoodies,
xelA,ME
Ethan,
jovahnii,MFC
vice,MFC
kaboose,NV
skies,BS
Korsonix,RR
Maegumi,
BearZ,Team
dephh,SEN
jakee,NSIC
PureVNS,MSF
LeviathanAG,NA
sonder,SR.GC
Poach,FaZe
Chase,
Rawkus,CB
9er,CR
Apoth,EG
iinoob,
Bad,Reve
mummAy,TTR
gucc107,YFP
ZerG,TI
fletcher,TSR
eVoL,TI
Shanks,NRG
kirei,MFC
yung calculator,ASP
mina,SQ
Enjoy,SQ
Yoshii,MFC
shonk,YFP
Crunchy,BOBO
nerve,99S
Esmé,YFPB
Boostio,EG
sym,MxM
Playboi Joe,SHFT
jcStani,100T
Andersin,DHBK
Karra,GX3
cavern,RA
scourge,N8V.W
Entri,OC E
d1msumboi,TSR
Bankroft,Tact
clawdia,GX3
athxna,CLG
dawn,Inde
req,AF
mars,
reach,
FireBallOps,0
simba,
Cowpie867,
Trill,STORM
BabyJ,100T
fourleaf,
mili,MRB
Cohburg,KS
King,VRT
DBK,VRT
konoxians,
syfi,YFP
RaM,CD
Oderus,Sove
panini,FaZe GC
Governor,TTR
kr1sP,AGP
seyq,
cheatcode,QoR
ohai,AI
rubski,
Jangler,AI
ketarys,Fall
AYRIN,GES
Brando,GG
LarryBanks,FaZe
bew,Mapl
Nanners,TR
Tsuya,YFP
dip,NW
pho,YFP
YAMS,
rain,EG.GC
VolcaN,MRC
Aiko,MFC
Yeji,EQ C
Kehem,
mleqt,CLG
Dory,
Dani,G2
Vora,Proj
Tristiieee,TMA
Sofa,AI
Carlee,MSF
rayse,GX3
nathn,sqn
Cab8ts,New
Dogo,MFC
Okeanos,TTR
iyen,TK
Vernina,MSF
Zoestol,RR
Conch,PFlu
Lorri,SR.GC
Vetreon,Elys
Subroza,TSM
MAR1,MCT
kouhai,Hype
truo,FaZe GC
hazed,TSM
Bobovo,Ambi
icy,99S
Link,Elys
Virtyy,FS
emluo,CLG
shawn,AI
tyfoon,
epathy,NSIC
DENYA,PUGS
Shrony,
Dinxx,1337
Xhowi,SKC
Shondex,AOE
karie,noot
xeboda,RESO
jas0n,UCR
gabersenn,New
Thieney,TAMU
Tkaz,CD
Neat,AOE
aika,AF
andrew,SHFT
dazzLe,SR
4Tapping,
grimoire,noot
sacred,MFC
traekS,KGG
arato,
snirot,YFP
RETRAC,
Instxnct,
snxper,VRT
slaze,MRB
koki,
flyuh,MxM
Kazler,MRB
babysoap,TMV
EmilShe1n,IMT
Soto,KS
RiceballiNNN,C4
Trick,MAD
neT,TGRD
bungee,TSM.X
TEAGUE,TR
fawn,SLR
refinnej,FaZe GC
maple,noot
zombs,SEN
zerona,Roni
Winsum,MAD.SC
Harmon,LT
Toph,
Toy,
zinc,Roya
rara,DIG
Velocity,UAESA.G
sae,Blin
infiltrator,MFC
saint,DSR
roca,AI
snarly,
Stefanie,EG.GC
eli,OC E
tyti,SOL
rarkar,BBG
JSP,QoR
jammyz,DZ
Reptar,TSM.X
Pain,IluZ
cbui,noot
HUYNH,YFP
Velocity,RA
intox,PUGS
Jan,TMX
IDK,
kwsp,
teach,1337
Casblood18,LYE
trisk,FNR
Tim,TR
Katashio,
Jack1,Prov
Clewy,
Psyche,LV
agM,COL
Agility,West
torract,RIOS
GLYPH,TSR
Jivy,
reltuC,TSM
Scottie,
Momiji,Blin
Kushay,MFC
opTED,
LunaFox,CRWN
GMAN,CD
sSef,SCC.V
Emy,FaZe GC
miniature,MAD.SC
Sader,
NOVEMBER,
w0rldw1de,YFP
KIS,RIOS
riku,DSG
ExciteMVP,Igni
COOKIEOREOYUMMY1,LYE
Rebo,YFP
contii,SHFT
bearkun,The
Ponder,PFlu
CrayCup,RG
ROY,KS
ARIANARCHIST,Vela
Papi,NBG
Delishous,
payen,TSM.A
Crescent,TFT
Tiger,UST
tupperware,IMT
Princessicy,
ricky,CRWN
rise,CLG
Amir,
Nem0,noot
bENITA,SR.GC
HOOLiGN,DNAD
FIEND,RR
kaz,Mach
Reformed,EG
Bandit,AME
Ellie,TSM.X
carlos,FYB
acrian,NA
seb,ABX
In0X,TSM.A
Okin,UNK
jen,IMT
DRAVANRA,TeVo
kaplan,SEN
HOON,Reve
Bape,Tita
alvarxz,QoR
EMUHLEET,EG.GC
tms,DM
Torrify,FS
Apl,
Nahsie,SHFT
benjii,NW
KP,SR.GC
PLAYER1,V1
Furzaan,FIU
Shootah,TLPG
Julia,IMT
supA,MAD.SC
Rustun,OXG
figment,SUP
SmartPunch,IU
scoll,
insky,LT
tem,PMA
RunnerPS,RC
POISED,FaZe
zambie,OOKE
Potatoe,MAD.SC
mikee,VALK
welyy,Stas
steel,DSG
mikshak,MCT
nabil,MAD.SC
kxtieoh,MSF
nautic,Reve
fate,RE
Flippsy,QoR
Stealthy,SOL
Thigwrb,Elys
Posters,Aspi
Jaryd,DV
kev,TR
Osias,PMA
Nurfed,OXGA
duck,KS
korosu,MSF
Campion,PK
b0i,100T
Migstur,NBG
ShimmyXD,Zeni
XnB,Fina
miku,LEV.GC
Bewd,PUGS
Akame,TMX
lunah,TMV
Eley,MAD
endure,TMA
Tiraye,GEN.B
Thom,NBG
amnesia,CLG
upset,Capy
Spirit,UGA
Add3r,TTR
chase,GHST
silenx,The
Scrounge,PUGS
LeahPanda,QoR.GC
Kepraj,LT
Juice,
Ltomlee,OINK
ZeroData,Ultr
3005,
A77,MP
fifi,SRN.P
Kyro,Actu
floppy,C9
Tommy,
Jayymilz,
MattZ,FRCE
bless,DMG
Kaoticcc,Proj
Kasche1x,Ecle
Veer,ODU
kaya,Tact
Yif,FNR
Cyn,Fall
Infinity,
smalls,
VYX,AOE
witness,seek
Nothin,
JUST_IN,Proj
iKoniK,PUGS
Ksiaze,MAD.SC
Casperr,SCC.A
Jet,YFP
xCeeD,PK
instinct,YFP
khanartist,TSR
Huston,SKW
psalm,TGRD
Menace,VRT
Relyks,C9
Monkey02,
ART1C,
dangle,H34D
ROOMPA,NBG
Moechilla,STORM
bladee,
Zebroe,Proj
caders,CD
Medusa,VGA
royal,AI
addison,Raw
Maanish,QoR
plat1num,Stas
Hollywood,AIM
Teddy,CN
monSi,TSR
sufu,
tie,sqn
Bunnyhuh,Team
island,SMF
John Ham,
Papicam,TMU.B
Cai,
Awkua,MFC
satellite,ASP
Welshy,OXGA
66J,TFT
Keiti,C9W
steph,T1A
sogo,MCT
dsr,PK
light,
ADRENALINE,TFT
unstable,
kay,RIOS
jelii,FLUX
Kay,IMT
Complex,SOL
pierson,
ethos,SKW
bazix,SOL
zill,TLP
ryann,GHST
ChurmZ,CD
zeek,TFT
suerte,AIM
NXBLE,TAMU
HIA,CD
tsalad,
nmutuA,DART
MOCKING,NW
Kenji,
stee,RG
BlackMoose,1337
maithority,UYU
ceeJay,AOE
bm1,Prof
Jessie,
ShoukR,BBGA
m1yu,AGP
JoBa,DNAD
TeddyIsFluffy,Geor
Sympul,ex-R5
Lazee,RR
b0ssy,C9A
Toskri,A1
diaamond,SOR
Maddie,FaZe GC
HAXXA,TFT
Hira,TM.B
Morgausse,N8V
Shora,zest
P I G G Y,PFlu
Troll,Conc
starriebun,XSET.P
smiley,
artStar,XSET.P
Hopper,RILL
Sugarfree,H34D
plaza,FIU
Kuaresma,Elys
mikeysnipey,Foxy
Gcxxi,AOE
FNS,NRG
THOOMER,
kalvinn,
Ptero,SLR
supermonkey,Mach
laddermoves,TR
leak,PK.A
mikester,
always,Bear
shroud,SEN
feigned,
tdawgg,Metr
scarn,
alimonstr,GX3
zekei,1337
Lomein,AF
jwordn,
lucas,Ambi
willy,ASP
Naomi,QoR.GC
KOLER,MRC
thai,AME
kazz,AIM
Frosty,PK.A
Emzuwu,Syd'
Delight,GODS
hyjinx,TK.A
Lynn,GEN.B
WicK,UCSD
Dynasty,SYN
Eazy,Able
Kryptic,Cat
deejay,
Bawn,TMA
Serving,RID
foreplay,LRS
ASSERT,TO
katar,
nPanda,Zeni
xqReaper,Zeni
Aniemal,GX3
Pajko,
DXN,OOKE
dizzy,DZY
Elevate,The
alvin,Kowa
BRANTED,We C
Havex,
demon,TR
Yape,GenZ
Pingfu,QoR
Babu,1337
shen,1337
Gigi,Moon
dip,FWOG
Town,Blin
PateK,Mach
Soop,TMA
PapaSmurf,VEXO
felix,DMG
OneSnipeKO,Pand
Kurt,EG
Jello,SCC.A
emm,Dipl
r3p,ex-R5
LeeLee,GEN.B
AntoL,DK
cutedog,Hype
Dopai,DM
maju,
dom,Stas
HUDFAME,OTF
Hernando,Igni
Sora,Igni
Cloudey,CRWN
Core,Gree
DARRIN,Tras
dev,SLMY
Showtime,Rise
euroh,GODS
Fractured,WTP
stunna,Aspi
Belle,LEV.GC
chime,FG
Heero,FG
wrong,VTL
Rui,YFP
Highkeyangel,26 R
Dill,
Rythm,FG
churro,IluZ
wooo,
Kayros,TFT
Slandy,MSF
Blitzz,Conv
crakd,CRWN
EccentriK,YFP
gh0st,Actu
Mazza,TLP
Snackie,
Drave,UCF.B
tetchra,YFP
Trensiq,Fall
Cheesyace,TM
wiLLzki,AI
BlanK,CSUN.R
cawn,
phoon,TFT
Tyler,OP
Chels,+22
dre,TLP
seoul,26 R
wubby,RESO
Druff,
IceyKL,Acac
Magowi,H34D
Violette,TFTV
Gonchz,
Stunny,
Adam,AME
Night,Dead
MICKNUTTY333,NBG
BODA,GODS
Legend,Team
Ming,FCN
juice,Fina
AR5,TI
kingston,SHFT
Alexe1337,+22
Dubbin,Stas
MoonBlue,Syru
Pix,1337
wraith,Kowa
Exotic,Valo
Hoppin,We C
rev0h,ARCH
maryna,QoR.GC
Strafe,Brim
Dsyleixc,TFT
Scroll,TLP
jekor,TLP
MungusTheGiant,RE
Abram,Gx
JazzyB,Crow
reign,Egir
hyun,Fore
cevv,OOKE
Lex,TOP
chanse,Kowa
Kip,Cone
BABYSHARKZAZA66,MSF
RESHURA,STORM
PrimeMCD,FG
Amber,TOP
YellowFISH,
Singularity,GFH
Keta,TMA
br9dy,IluZ
Polkan,New
Carbyn,HZN
Boltzy,West
prim,UW.G
squirmor,UCF.B
Chavez,
Decay,TLP
cwaudia,AGP
khoi,UH P
distorted,Wind
Zamal,
cutefatboy,NOX
FRIZZY,TI
BEAST,New
FAIRY,RIOS
Grego,MSF
allegedlyalexa,DSRX
ashxtru,Invi
nate,SKC
Waltz,FYL
wh0,YFPW
Kmlord,FCTP
Tempt,NF
Kenny,Zeni
Arctic,Conv
Enzo,FG
Bahzar,Over
Reality,GC
Soul,IluZ
Flonson,FG
JunaFour,FWOG
Rejante,Cone
Uncreative,skol
wasd,
Kouf,VTL
Dragon,TR
Swervo,VEXO
UNSHAKEN,ZMM
Berghy,HBOX
thiief,
jjjoshy,RE
Wolffe,BAL
x0tek,MAD.SC
eskay,SMF
SKIM,
streets,
alpine,YFPW
Jeba,RILL
pugstar,Reve
Mueda,Conv
S2A,Team
erkaSt,C9A
Toast,DV
StealthyMike,ex-R5
kumi,Roya
DAVID,Akel
Eshotz,UNK
miyara,Over
ZURC,mozz
Yum07,Roch
Kayleigh,Roul
Flop,
bru,LRS
evaD,
Cille,RBLS
Burton,skol
di^,FaZe GC
soojai,Cat
Waffle,FIU
Denz,IluZ
Rexgator,Hype
Ezire,Big
leah,LEV.GC
FAMOUS,
ino,Ente
unae,
Khai,OOKE
Crazymojo,BAL
Aery,Moon
V0NS,Valo
SHNOZERBULLDOZER,
Chrome,Acac
FaNbF4,
TonyV,Exot
AlphaFly,Ambi
Legedien,Up N
SoyAnthony,TR
Hope,1337
Klamran,NBG
Risorah,ZMM.W
Symbiotic,WR
Chobo,SLR
robwiz,SR.GC
Neprix,ROO
SoberSushi,TOP
WorldRise,Moon
JamKes,TM.B
Tayz,LV
Existinge,SLAY
Altered,HZN
JSIN,TPG
Donovan,UCF.B
Crown,Zeni
Shane,IluZ
Nabaki,Moon
Storax,Snakes
YJS,Able
JGM,Igni
Kamiunist,WHIT
fraggleton,AOE
PROD,Team
WiLD,RILL
Tillo,afte
Ouate,Able
FugLy,PK
redo,TM.B
Philip,SOL
tylo,AU
Sworns,1337
Selldrudd,
Qlutch,
vanish,TI
pauLy,CN
Soba,SUPE
denni,Wann
Restoredrambo,LYE
Typhon,
Blush,FL
Rayano,CR
Xyph9r,
Badger,OTF
justinovah,LMND
Sarastarr,N2L
KillerMiller,Stas
Shockah,PLR
Interlaced,
Borj,SCC.A
stig,NBG
Apqa,
Sable,
Rereiana,
Nightmare,
PapaCole,TeVo
reece,Rose
Aroma,
Sanity,
Shiro,
Joseph,eU
Trippy,TM
toxik,RE
pretty,RE
TESTINGSERVICE69,
HILTON,T1A
enteka,ZMM.B
Rest,Roch
elvis,IluZ
Zento,
dash,TNX
Jben,ex-R5
DGL,Moon
Matt,VALK
vasperal,VALK
Unholykid,Gift
ciao,CLG
Nara,Team
Envys,AF
Isaac,RF
eoz,
Yolo,RA
Starlight,
BLuezZ,DK
Mady,MSF
melJ,VX
cky,Brim
Donkey,VALK
drenzn,
Sharked,DK
Nora,Clic
Dagr1s,GenZ
coffeemaker1,RE
habibti,
Vroom,TNX
peachtea,TMV
LugLumpy,VEXO
kipp,spon
nmgreen,Glue
yngty,TAMU
rushhh,QoR.GC
PreTaxMicrob,TMV
casuaL,EMP
syncer,303
Kal,
Romey,
Mile,TOP
spite,TMX
serg,Oni
Prof,Taip
GetGreedy,CN
Gio,IluZ
zoe,FG
Tn,TMA
Λero,AME
Pyro,AOE
BaTz,Gx
enaye,Reve
Apidaez,YFPB
Lou,Legi
Notta,OTF
LeViperrr,
witmer,N8V
Neat,
SexyChristian,0
Ninja,TI
LuckyLeader,LYE
Beko,
Benevolence,Ecle
Fonder,Valo
kilroy,Ultr
root,NG
Rano,Igni
potter,EG
Dreylo,
Arec,Able
Krinklebein,ME
Fearozen,Berz
ToastyUnicorns,Fans
sai,ROSE
ermcaroline,EQ C
Boni,NXS
TomZu,Skyl
AJ,Gx
Jasprr,FG
Swifts,DK
Aloka,HZN
NukeProphet,303
Paige,YFPB
mist,RE
Bellexion,
cece,
pkr,TMA
MOOD,Ecle
veloo,Acac
dior,BASE
n4ts,ez5
Cfax,Cat
Kraken,TR
LBuddy,Skyl
karma,GenZ
Vigilance,AU
brisk,
Imposter,GenZ
nobu,Hype
sideSWIPE,
reprive,
arcKite,NIX
Nudle,N4D
Synergy,Valo
Natty,VX
JPARK,SLMY
witch,GODS
dino,ASP
griffin,Team
laoken,Ecle
JoshRT,TGRD
ARES,AOE
Starryy,Asto
HyperDuck,NXS
Drakious,TO
Lana,MRB
Daimyo,AOE
heist,NMG
MELYA,TPG
polarbear,TF
Atake,RF
Shuga,YFPW
Sofia,
zid,
egggs831,Hype
asian,PMA
pao,Ahji
SangoGG,YFPB
Vinny,TM
Jonji,BBGA
Demo,AKM
shinobi,CLG
paranoid,PYR
jD,
aldenS,TeVo
trunkZ,AI
Sosa,VEXO
flavor,zest
renai,
Jacket,
stobie,Acac
Jaomock,KGG
shrouts,RB
Soapytw,AME
Puffin,Conv
Tailo,
Manbow,EMP
Dreamz,DV
Jinnie,Hype
CurryASD,UAESA.G
Turnup,eU
Shockah Bobackah,100e
powa,
dKim,NXS
Kurama,FG
Avxrsive,DNAD
Danii,WHIT
Jenna,YFPB
aru,Chos
Khaled,Stay
Twizdd,Surf
Drios,Acac
ImJustDevin,NG
JDawnX,Free
Buhms,Roul
savi,DSRX
Ah1ra,
Joey,Fina
Crit,Zeni
ronaldo,OOKE
nedg,BigP
coldy,VALK
Atticus,Egir
cciscray,Unbi
FIERCE1,Able
genuine,AIM
Jay,
Agr0,CRWN
Rykinn,
Social,Up N
Kawaii,YFPB
hoot,Mach
Laisha,Agog
Bubbles,Orio
tediousdeer2844,TPG
Ryxoz,GenZ
gosha,Zeni
wOBBS,Ecle
Leaves,
spaz,IluZ
Ames,SHIF
tanaKa,
Lyt,God
KaiC,Moon
aldm,
Shifty,AME
ysk,Free
Satty,Hype
Hawk,DV
Spook,New
azez,RR
mobi,
Jupiter,SHIF
yukiyo,Over
psychowinn,cowb
Grimm,Roch
ksweet,
Vorteez,SYR
Nosyy,
ragingpenguin,FWOG
hyunseo,Achi
carn0,Up N
Soar,LZR
yongled,Hype
Coach Joe,YFP
Yoda,HBOX
Laski,What
spoog,Ecle
RKTA,
Melllxz,
cch0,FWOG
chqse,Team
Dykaz,
JEFFREY,AKM
Harmony,Zeni
Karizmah,Vire
dnos,FWOG
style,Zeni
Teets,
jarosa,AKM
m1lky,VX
Osu,Univ
Gjalla,NXS
SugoiTkapp,SPL
eqnx,Spec
PNASTY,
RILLA,
xeric,NXS
JSauls,DV
mFH,MAD.SC
Frisco,COL
Xp3,EG.GC
Bunny,SUP
sh,Seda
JP2,CN
yana,
MiLLER,
LiN,EG
mizoo,
ColeUP,seek
LeX,Seda
abE,
gmanchew,
Tucker,STORM
Melio,Prospects
Kurtis,DT
miLLe,MRG
Infinite,NRG
aKis,NV
Pride,
Valliate,
anger,Rise
Tork,BBG
Nicolas,BBG
zecK,FaZe
