,Unnamed: 0,player,winnings,player_short
0,0.0,/player/21265/keenc,"$2,260",keenc
1,1.0,/player/26921/sushie,$333,sushie
2,2.0,/player/9185/dodonut,"$5,480",dodonut
3,3.0,/player/881/yay,"$143,700",yay
4,4.0,/player/72/wardell,"$24,252",wardell
5,5.0,/player/4147/cryocells,"$50,230",cryocells
6,6.0,/player/9017/moobs,$908,moobs
7,7.0,/player/1113/dicey,"$17,450",dicey
8,8.0,/player/9/tenz,"$94,300",tenz
9,9.0,/player/17976/florescent,"$6,920",florescent
10,10.0,/player/4828/nismo,"$9,705",nismo
11,11.0,/player/21668/verno,"$3,725",verno
12,12.0,/player/3722/koalanoob,"$11,537",koalanoob
13,13.0,/player/24228/smoke,$200,smoke
14,14.0,/player/729/zellsis,"$27,875",zellsis
15,15.0,/player/3063/mel,"$39,068",mel
16,16.0,/player/8329/starbound,$90,starbound
17,17.0,/player/6642/wildfire,$400,wildfire
18,18.0,/player/26171/demon1,"$1,060",demon1
19,19.0,/player/1850/shot-up,"$9,800",shot-up
20,20.0,/player/7873/leaf,"$33,060",leaf
21,21.0,/player/4004/zekken,"$47,570",zekken
22,22.0,/player/11118/skuba,"$8,500",skuba
23,23.0,/player/796/eeiu,"$16,075",eeiu
24,24.0,/player/9021/clear,"$1,960",clear
25,25.0,/player/9837/flare,$600,flare
26,26.0,/player/17433/v1c,"$6,927",v1c
27,27.0,/player/24237/powerpixele,"$2,840",powerpixele
28,28.0,/player/17310/draystar,$350,draystar
29,29.0,/player/20824/player,$97,player
30,30.0,/player/21486/sarahcat,"$3,370",sarahcat
31,31.0,/player/7871/xeppaa,"$27,460",xeppaa
32,32.0,/player/632/c4lypso,"$10,470",c4lypso
33,33.0,/player/2172/brawk,"$11,815",brawk
34,34.0,/player/474/xeta,"$30,838",xeta
35,35.0,/player/421/genghsta,"$14,300",genghsta
36,36.0,/player/2170/babybay,"$25,650",babybay
37,37.0,/player/11065/dam,$400,dam
38,38.0,/player/1265/johnqt,"$8,820",johnqt
39,39.0,/player/15500/trent,"$25,350",trent
40,40.0,/player/1023/xxif,"$8,132",xxif
41,41.0,/player/12/sinatraa,"$22,900",sinatraa
42,42.0,/player/844/bdog,"$9,910",bdog
43,43.0,/player/45/sick,"$112,700",sick
44,44.0,/player/766/ange,"$6,520",ange
45,45.0,/player/873/bob,"$24,094",bob
46,46.0,/player/11968/l4ce,"$3,390",l4ce
47,47.0,/player/1533/derrek,"$25,645",derrek
48,48.0,/player/26269/brookelynn,$900,brookelynn
49,49.0,/player/260/corey,"$29,050",corey
50,50.0,/player/8419/reduxx,"$5,440",reduxx
51,51.0,/player/4387/neon,"$7,360",neon
52,52.0,/player/7716/penny,"$18,875",penny
53,53.0,/player/16003/runi,"$4,575",runi
54,54.0,/player/8376/seven,"$10,320",seven
55,55.0,/player/8407/mehzy,"$1,185",mehzy
56,56.0,/player/15100/cryptx,$0,cryptx
57,57.0,/player/4545/sayaplayer,"$20,750",sayaplayer
58,58.0,/player/1818/tex,"$21,475",tex
59,59.0,/player/28819/bella,$600,bella
60,60.0,/player/5093/logan,$900,logan
61,61.0,/player/740/aproto,"$18,650",aproto
62,62.0,/player/28189/wrld,$300,wrld
63,63.0,/player/5132/mada,"$11,552",mada
64,64.0,/player/3077/jazzyk1ns,"$38,913",jazzyk1ns
65,65.0,/player/1411/will,"$11,895",will
66,66.0,/player/28163/kiara,$0,kiara
67,67.0,/player/864/bcj,"$49,950",bcj
68,68.0,/player/8082/zander,"$12,632",zander
69,69.0,/player/15339/mimifps,$0,mimifps
70,70.0,/player/17950/avery,$360,avery
71,71.0,/player/57/hiko,"$41,400",hiko
72,72.0,/player/8345/zexrow,"$3,560",zexrow
73,73.0,/player/7458/moose,"$18,162",moose
74,74.0,/player/5154/giansanity,$965,giansanity
75,75.0,/player/46/shahzam,"$112,800",shahzam
76,76.0,/player/3256/xprt,$500,xprt
77,77.0,/player/32208/bsmooth,$300,bsmooth
78,78.0,/player/24210/tastyy,$10,tastyy
79,79.0,/player/4373/wippie,"$8,675",wippie
80,80.0,/player/2507/android,"$14,621",android
81,81.0,/player/31804/hemmer,$400,hemmer
82,82.0,/player/3073/cath,"$7,940",cath
83,83.0,/player/6416/jcruel,"$5,780",jcruel
84,84.0,/player/601/asuna,"$61,950",asuna
85,85.0,/player/18796/oxy,"$3,700",oxy
86,86.0,/player/16029/khs,$400,khs
87,87.0,/player/1592/critical,"$11,649",critical
88,88.0,/player/9835/ali,"$4,764",ali
89,89.0,/player/9337/rickdad,$400,rickdad
90,90.0,/player/2126/shawn12590,"$9,030",shawn12590
91,91.0,/player/582/dcop,"$8,437",dcop
92,92.0,/player/2164/paincakes,"$9,675",paincakes
93,93.0,/player/2/brax,"$11,050",brax
94,94.0,/player/863/sharky,"$1,200",sharky
95,95.0,/player/8085/pwny,"$1,850",pwny
96,96.0,/player/6464/poiz,"$7,560",poiz
97,97.0,/player/11958/hannah,"$2,900",hannah
98,98.0,/player/54/cp2,"$3,830",cp2
99,99.0,/player/8078/blackheart,"$1,824",blackheart
100,100.0,/player/612/mitch,"$30,160",mitch
101,101.0,/player/3880/bang,"$30,150",bang
102,102.0,/player/4/crashies,"$154,650",crashies
103,103.0,/player/33594/wpanda,$0,wpanda
104,104.0,/player/33095/happy,$250,happy
105,105.0,/player/11901/zoe,"$6,590",zoe
106,106.0,/player/848/kanpeki,"$8,305",kanpeki
107,107.0,/player/69/thief,"$12,220",thief
108,108.0,/player/4581/jonahp,"$26,250",jonahp
109,109.0,/player/31802/yams,$400,yams
110,110.0,/player/65/effys,"$25,975",effys
111,111.0,/player/625/thwifo,"$7,880",thwifo
112,112.0,/player/2560/jmoh,"$5,700",jmoh
113,113.0,/player/3687/jonaaa6,"$7,961",jonaaa6
114,114.0,/player/630/stewie2k,$700,stewie2k
115,115.0,/player/36/yaboidre,"$11,825",yaboidre
116,116.0,/player/13831/zeldris,"$2,775",zeldris
117,117.0,/player/8422/spaz,"$2,380",spaz
118,118.0,/player/26475/king-vinny,$220,king-vinny
119,119.0,/player/32459/huji,$350,huji
120,120.0,/player/9018/rivszn,$333,rivszn
121,121.0,/player/9027/frutta,$0,frutta
122,122.0,/player/3227/screwface,"$4,125",screwface
123,123.0,/player/3885/valyn,"$27,940",valyn
124,124.0,/player/11225/ethan,"$37,700",ethan
125,125.0,/player/6584/curry,"$4,745",curry
126,126.0,/player/263/marved,"$150,000",marved
127,127.0,/player/24545/whitr,$962,whitr
128,128.0,/player/5129/ban,"$9,580",ban
129,129.0,/player/4164/s0m,"$21,850",s0m
130,130.0,/player/30395/edith,$600,edith
131,131.0,/player/8414/icee,$400,icee
132,132.0,/player/26233/ozz,$333,ozz
133,133.0,/player/2442/nitr0,"$39,900",nitr0
134,134.0,/player/8941/swayz,"$1,430",swayz
135,135.0,/player/26032/panday,"$1,100",panday
136,136.0,/player/5157/venture,"$5,671",venture
137,137.0,/player/71/drone,"$23,600",drone
138,138.0,/player/13956/rahr,$425,rahr
139,139.0,/player/619/c0m,"$9,975",c0m
140,140.0,/player/14403/wavy,"$1,240",wavy
141,141.0,/player/8746/dynamic,"$1,310",dynamic
142,142.0,/player/11971/katarina,"$2,780",katarina
143,143.0,/player/871/pl1xx,"$7,365",pl1xx
144,144.0,/player/874/dizzylife,"$6,084",dizzylife
145,145.0,/player/30601/hyperz,$100,hyperz
146,146.0,/player/156/temperature,$425,temperature
147,147.0,/player/3993/jawgemo,"$14,140",jawgemo
148,148.0,/player/28549/superkat,$10,superkat
149,149.0,/player/19020/creeperonthabeat,$300,creeperonthabeat
150,150.0,/player/26464/zero-cap,$960,zero-cap
151,151.0,/player/3688/cade3k,"$4,507",cade3k
152,152.0,/player/26386/jeffie,$120,jeffie
153,153.0,/player/146/randyysavage,"$8,100",randyysavage
154,154.0,/player/765/jerk,"$4,991",jerk
155,155.0,/player/3883/lear,"$6,725",lear
156,156.0,/player/1129/rossy,"$8,100",rossy
157,157.0,/player/454/dapr,"$112,800",dapr
158,158.0,/player/8995/warmest-aloha,$0,warmest-aloha
159,159.0,/player/19290/azrex,$0,azrex
160,160.0,/player/31803/iinoob,$400,iinoob
161,161.0,/player/20959/toozy,$270,toozy
162,162.0,/player/15639/chloric,$900,chloric
163,163.0,/player/826/supamen,"$11,500",supamen
164,164.0,/player/8375/bones,"$4,563",bones
165,165.0,/player/261/victor,"$153,650",victor
166,166.0,/player/30511/summertime,$320,summertime
167,167.0,/player/1857/purer,"$13,550",purer
168,168.0,/player/6465/shifty,$380,shifty
169,169.0,/player/8403/tech,$270,tech
170,170.0,/player/3979/meeeeester-juan,$420,meeeeester-juan
171,171.0,/player/733/stellar,"$30,825",stellar
172,172.0,/player/6437/dark3st,"$6,484",dark3st
173,173.0,/player/893/retrq,"$8,324",retrq
174,174.0,/player/4011/daps,"$4,400",daps
175,175.0,/player/3680/svl,"$2,785",svl
176,176.0,/player/23407/pa1nt,$200,pa1nt
177,177.0,/player/753/zk,"$6,336",zk
178,178.0,/player/19618/stare,"$1,150",stare
179,179.0,/player/16709/raijuace,$0,raijuace
180,180.0,/player/8118/precision,"$5,262",precision
181,181.0,/player/15039/australis,"$1,350",australis
182,182.0,/player/418/bjor,"$7,615",bjor
183,183.0,/player/34/venerated,"$1,000",venerated
184,184.0,/player/769/tigg,"$7,150",tigg
185,185.0,/player/4927/nature,"$9,750",nature
186,186.0,/player/3132/kehmicals,"$5,850",kehmicals
187,187.0,/player/468/zachareee,"$20,950",zachareee
188,188.0,/player/64/gmd,"$24,600",gmd
189,189.0,/player/3080/katsumi,"$34,713",katsumi
190,190.0,/player/8949/smokeythebear,$0,smokeythebear
191,191.0,/player/3683/tokyo,$98,tokyo
192,192.0,/player/2119/renz,"$4,122",renz
193,193.0,/player/5190/lin,"$2,949",lin
194,194.0,/player/6572/purevns,"$2,800",purevns
195,195.0,/player/17/theia,"$10,770",theia
196,196.0,/player/25246/bunnybee,"$2,217",bunnybee
197,197.0,/player/32190/smoodies,$300,smoodies
198,198.0,/player/663/showliana,"$10,920",showliana
199,199.0,/player/1814/harmful,"$5,966",harmful
200,200.0,/player/901/exalt,"$1,420",exalt
201,201.0,/player/8400/cain,$910,cain
202,202.0,/player/32150/atlas,$550,atlas
203,203.0,/player/8537/nillyaz,"$2,495",nillyaz
204,204.0,/player/11047/hydro,$0,hydro
205,205.0,/player/3078/anniedro,"$20,633",anniedro
206,206.0,/player/21886/furbsa,"$5,914",furbsa
207,207.0,/player/1856/wedid,"$12,469",wedid
208,208.0,/player/8330/bearz,$185,bearz
209,209.0,/player/739/fiziq,"$5,100",fiziq
210,210.0,/player/33595/xela,$0,xela
211,211.0,/player/7870/vanity,"$42,300",vanity
212,212.0,/player/6450/korsonix,$890,korsonix
213,213.0,/player/18168/tylerboy,$760,tylerboy
214,214.0,/player/861/poach,"$6,375",poach
215,215.0,/player/2139/neptune,"$7,885",neptune
216,216.0,/player/4933/nick,"$2,717",nick
217,217.0,/player/1852/makka,"$1,250",makka
218,218.0,/player/3079/alexis,"$38,813",alexis
219,219.0,/player/12932/geeza,"$5,095",geeza
220,220.0,/player/33587/chase,$0,chase
221,221.0,/player/21901/whoframedme,$150,whoframedme
222,222.0,/player/5061/arato,$600,arato
223,223.0,/player/3183/saucetin,$230,saucetin
224,224.0,/player/5035/blahst,"$1,663",blahst
225,225.0,/player/3101/flowerful,"$36,583",flowerful
226,226.0,/player/2997/jsung,"$1,795",jsung
227,227.0,/player/882/dephh,"$45,550",dephh
228,228.0,/player/4386/leviathanag,"$8,997",leviathanag
229,229.0,/player/3972/jovahnii,"$3,850",jovahnii
230,230.0,/player/818/mummay,"$18,625",mummay
231,231.0,/player/78/kaboose,"$15,100",kaboose
232,232.0,/player/8849/sonder,"$37,083",sonder
233,233.0,/player/17397/noia,"$5,949",noia
234,234.0,/player/28190/ketarys,$300,ketarys
235,235.0,/player/20903/maegumi,$0,maegumi
236,236.0,/player/1120/aleksandar,$540,aleksandar
237,237.0,/player/11947/itnothan,"$8,443",itnothan
238,238.0,/player/12913/ethan,$350,ethan
239,239.0,/player/3131/pr0phie,"$1,750",pr0phie
240,240.0,/player/916/vice,"$5,825",vice
241,241.0,/player/8539/playboi-joe,"$1,455",playboi-joe
242,242.0,/player/14868/karra,"$2,720",karra
243,243.0,/player/3103/clawdia,"$10,660",clawdia
244,244.0,/player/14989/shonk,"$3,425",shonk
245,245.0,/player/14163/kirei,$400,kirei
246,246.0,/player/6606/enjoy,"$6,485",enjoy
247,247.0,/player/27690/rayse,"$1,570",rayse
248,248.0,/player/6392/yoshii,"$3,927",yoshii
249,249.0,/player/3702/sym,"$3,216",sym
250,250.0,/player/3968/fletcher,$483,fletcher
251,251.0,/player/8742/jakee,"$1,360",jakee
252,252.0,/player/19785/bad,$0,bad
253,253.0,/player/8496/gucc107,"$9,642",gucc107
254,254.0,/player/26231/9er,$333,9er
255,255.0,/player/1174/crunchy,"$6,965",crunchy
256,256.0,/player/26474/yung-calculator,$100,yung-calculator
257,257.0,/player/2171/cavern,$410,cavern
258,258.0,/player/419/jcstani,"$13,100",jcstani
259,259.0,/player/25866/melvin,$50,melvin
260,260.0,/player/5188/apoth,"$5,904",apoth
261,261.0,/player/21501/esm,$0,esm
262,262.0,/player/17951/karie,$380,karie
263,263.0,/player/1851/oderus,"$4,325",oderus
264,264.0,/player/2116/mina,"$7,345",mina
265,265.0,/player/262/shanks,"$9,095",shanks
266,266.0,/player/2140/rawkus,"$17,350",rawkus
267,267.0,/player/604/boostio,"$8,150",boostio
268,268.0,/player/1089/andersin,"$5,516",andersin
269,269.0,/player/754/nerve,"$3,780",nerve
270,270.0,/player/185/zerg,$350,zerg
271,271.0,/player/8792/xhowi,$350,xhowi
272,272.0,/player/3187/scourge,"$3,795",scourge
273,273.0,/player/1861/evol,$610,evol
274,274.0,/player/28187/mili,$0,mili
275,275.0,/player/1930/bankroft,"$1,150",bankroft
276,276.0,/player/8343/dbk,$490,dbk
277,277.0,/player/53/babyj,"$6,100",babyj
278,278.0,/player/6402/king,"$3,773",king
279,279.0,/player/32189/toph,$300,toph
280,280.0,/player/8748/reach,$390,reach
281,281.0,/player/3706/dawn,$600,dawn
282,282.0,/player/20337/syfi,"$1,550",syfi
283,283.0,/player/4924/d1msumboi,"$2,975",d1msumboi
284,284.0,/player/32210/simba,$300,simba
285,285.0,/player/10025/ram,"$2,090",ram
286,286.0,/player/10053/fireballops,"$1,370",fireballops
287,287.0,/player/5126/trill,"$2,410",trill
288,288.0,/player/16757/cohburg,"$1,120",cohburg
289,289.0,/player/14388/konoxians,$0,konoxians
290,290.0,/player/25152/req,$0,req
291,291.0,/player/28188/mars,$300,mars
292,292.0,/player/16008/cab8ts,$0,cab8ts
293,293.0,/player/1765/ohai,"$3,285",ohai
294,294.0,/player/23386/dory,$900,dory
295,295.0,/player/8994/tristiieee,$0,tristiieee
296,296.0,/player/4916/larrybanks,"$3,698",larrybanks
297,297.0,/player/14/rain,"$10,770",rain
298,298.0,/player/32295/seyq,$200,seyq
299,299.0,/player/3758/sofa,$200,sofa
300,300.0,/player/4340/dani,$150,dani
301,301.0,/player/825/brando,"$2,705",brando
302,302.0,/player/20140/vora,$370,vora
303,303.0,/player/3113/athxna,"$6,690",athxna
304,304.0,/player/3757/dazzle,"$10,400",dazzle
305,305.0,/player/11954/carlee,"$3,100",carlee
306,306.0,/player/824/ayrin,"$51,350",ayrin
307,307.0,/player/3889/tsuya,"$1,775",tsuya
308,308.0,/player/14845/kr1sp,$740,kr1sp
309,309.0,/player/32574/kehem,$0,kehem
310,310.0,/player/761/pho,"$4,475",pho
311,311.0,/player/11949/panini,"$10,423",panini
312,312.0,/player/4009/cheatcode,"$2,825",cheatcode
313,313.0,/player/26188/nathn,"$1,060",nathn
314,314.0,/player/4001/jangler,"$2,995",jangler
315,315.0,/player/20799/bew,$250,bew
316,316.0,/player/9014/rubski,$333,rubski
317,317.0,/player/8545/volcan,$50,volcan
318,318.0,/player/4930/aiko,"$3,517",aiko
319,319.0,/player/17589/yeji,$0,yeji
320,320.0,/player/3980/governor,"$8,832",governor
321,321.0,/player/2125/nanners,$860,nanners
322,322.0,/player/24203/neat,$100,neat
323,323.0,/player/26169/aika,$400,aika
324,324.0,/player/3983/virtyy,"$3,590",virtyy
325,325.0,/player/17368/mar1,$662,mar1
326,326.0,/player/8397/dip,"$5,769",dip
327,327.0,/player/26252/furzaan,$0,furzaan
328,328.0,/player/25865/gabersenn,$0,gabersenn
329,329.0,/player/25904/tyfoon,$900,tyfoon
330,330.0,/player/8846/vetreon,$0,vetreon
331,331.0,/player/25902/shondex,$100,shondex
332,332.0,/player/21855/4tapping,$344,4tapping
333,333.0,/player/11696/zoestol,$121,zoestol
334,334.0,/player/3970/xeboda,$400,xeboda
335,335.0,/player/8373/okeanos,"$3,233",okeanos
336,336.0,/player/22926/shrony,$340,shrony
337,337.0,/player/8408/truo,"$2,325",truo
338,338.0,/player/19291/bobovo,$220,bobovo
339,339.0,/player/14632/link,$299,link
340,340.0,/player/16336/dogo,"$1,000",dogo
341,341.0,/player/6418/shawn,$170,shawn
342,342.0,/player/32026/thieney,$150,thieney
343,343.0,/player/6432/tkaz,"$2,510",tkaz
344,344.0,/player/5072/kouhai,$0,kouhai
345,345.0,/player/3232/denya,"$1,531",denya
346,346.0,/player/1119/epathy,"$3,650",epathy
347,347.0,/player/27937/andrew,$205,andrew
348,348.0,/player/8540/snirot,$150,snirot
349,349.0,/player/75/subroza,"$30,800",subroza
350,350.0,/player/74/hazed,"$37,275",hazed
351,351.0,/player/11902/mleqt,"$6,740",mleqt
352,352.0,/player/5086/dinxx,$150,dinxx
353,353.0,/player/11948/lorri,"$36,583",lorri
354,354.0,/player/14048/zerona,$500,zerona
355,355.0,/player/870/iyen,"$5,684",iyen
356,356.0,/player/8402/icy,"$3,430",icy
357,357.0,/player/14874/vernina,"$3,120",vernina
358,358.0,/player/24566/retrac,$0,retrac
359,359.0,/player/22920/entri,$340,entri
360,360.0,/player/15051/sacred,"$1,680",sacred
361,361.0,/player/6466/traeks,$60,traeks
362,362.0,/player/14723/fawn,$10,fawn
363,363.0,/player/3874/teague,"$1,430",teague
364,364.0,/player/3074/refinnej,"$1,780",refinnej
365,365.0,/player/14867/emluo,"$1,200",emluo
366,366.0,/player/3235/snxper,"$2,713",snxper
367,367.0,/player/3996/soto,"$1,140",soto
368,368.0,/player/10440/slaze,$870,slaze
369,369.0,/player/3681/harmon,"$3,335",harmon
370,370.0,/player/25167/kazler,$310,kazler
371,371.0,/player/19498/emilshe1n,"$1,100",emilshe1n
372,372.0,/player/26271/babysoap,$700,babysoap
373,373.0,/player/31/trick,"$6,140",trick
374,374.0,/player/6576/riceballinnn,$550,riceballinnn
375,375.0,/player/6582/net,"$30,960",net
376,376.0,/player/79/rara,$0,rara
377,377.0,/player/17953/grimoire,"$2,017",grimoire
378,378.0,/player/47/zombs,"$109,900",zombs
379,379.0,/player/14701/bungee,"$3,400",bungee
380,380.0,/player/28171/maple,$30,maple
381,381.0,/player/3707/toy,$340,toy
382,382.0,/player/26582/velocity,$550,velocity
383,383.0,/player/55/winsum,"$4,230",winsum
384,384.0,/player/11969/jan,$720,jan
385,385.0,/player/19/jammyz,"$9,200",jammyz
386,386.0,/player/19839/cbui,$240,cbui
387,387.0,/player/9063/infiltrator,$650,infiltrator
388,388.0,/player/1763/agm,"$4,775",agm
389,389.0,/player/73/reltuc,"$19,270",reltuc
390,390.0,/player/11955/stefanie,"$9,870",stefanie
391,391.0,/player/8286/glyph,"$2,890",glyph
392,392.0,/player/17982/lunafox,$390,lunafox
393,393.0,/player/24550/katashio,$0,katashio
394,394.0,/player/31910/scottie,$0,scottie
395,395.0,/player/841/rarkar,"$1,490",rarkar
396,396.0,/player/2163/tyti,$980,tyti
397,397.0,/player/62/huynh,"$15,601",huynh
398,398.0,/player/21588/miku,$80,miku
399,399.0,/player/2160/roca,"$1,845",roca
400,400.0,/player/31805/idk,$400,idk
401,401.0,/player/32209/opted,$300,opted
402,402.0,/player/8967/velocity,$400,velocity
403,403.0,/player/31926/kwsp,$425,kwsp
404,404.0,/player/3178/kushay,"$1,020",kushay
405,405.0,/player/8907/jsp,$0,jsp
406,406.0,/player/25/jack1,$150,jack1
407,407.0,/player/3182/agility,"$1,185",agility
408,408.0,/player/25154/jivy,$225,jivy
409,409.0,/player/28372/teach,$0,teach
410,410.0,/player/3685/flyuh,"$10,338",flyuh
411,411.0,/player/186/intox,$221,intox
412,412.0,/player/3186/zinc,$360,zinc
413,413.0,/player/24940/eli,$760,eli
414,414.0,/player/27879/clewy,$500,clewy
415,415.0,/player/29765/nem0,$270,nem0
416,416.0,/player/17751/tim,$515,tim
417,417.0,/player/28587/pain,$0,pain
418,418.0,/player/15599/reptar,$0,reptar
419,419.0,/player/4926/casblood18,$600,casblood18
420,420.0,/player/5127/trisk,$200,trisk
421,421.0,/player/28164/kis,$280,kis
422,422.0,/player/3076/emy,"$1,540",emy
423,423.0,/player/25240/sader,$0,sader
424,424.0,/player/29715/torract,$10,torract
425,425.0,/player/15629/craycup,$60,craycup
426,426.0,/player/5166/cookieoreoyummy1,$465,cookieoreoyummy1
427,427.0,/player/823/rebo,"$4,015",rebo
428,428.0,/player/16033/crescent,$725,crescent
429,429.0,/player/17970/princessicy,$40,princessicy
430,430.0,/player/1107/contii,"$1,360",contii
431,431.0,/player/17357/papi,$20,papi
432,432.0,/player/3727/gman,$680,gman
433,433.0,/player/1854/miniature,"$1,240",miniature
434,434.0,/player/603/ssef,"$2,405",ssef
435,435.0,/player/3012/riku,"$2,060",riku
436,436.0,/player/8905/sae,$600,sae
437,437.0,/player/2500/tiger,$400,tiger
438,438.0,/player/5156/w0rldw1de,"$1,760",w0rldw1de
439,439.0,/player/843/bearkun,"$2,005",bearkun
440,440.0,/player/17865/nahsie,$305,nahsie
441,441.0,/player/2670/steel,"$40,600",steel
442,442.0,/player/26913/november,$500,november
443,443.0,/player/1092/payen,"$2,890",payen
444,444.0,/player/14075/ricky,$170,ricky
445,445.0,/player/68/roy,"$4,104",roy
446,446.0,/player/25898/delishous,$200,delishous
447,447.0,/player/17977/tupperware,"$1,800",tupperware
448,448.0,/player/11978/ellie,"$2,590",ellie
449,449.0,/player/5149/rise,"$7,400",rise
450,450.0,/player/3089/arianarchist,"$4,520",arianarchist
451,451.0,/player/3006/a77,$600,a77
452,452.0,/player/14011/excitemvp,$70,excitemvp
453,453.0,/player/6456/torrify,"$3,432",torrify
454,454.0,/player/3678/seb,"$5,400",seb
455,455.0,/player/14090/mikshak,$200,mikshak
456,456.0,/player/19289/nautic,$0,nautic
457,457.0,/player/12911/supa,"$1,120",supa
458,458.0,/player/18838/ponder,$0,ponder
459,459.0,/player/15715/jen,"$1,890",jen
460,460.0,/player/762/in0x,"$3,011",in0x
461,461.0,/player/764/kp,"$37,023",kp
462,462.0,/player/3984/fiend,"$2,445",fiend
463,463.0,/player/7702/momiji,$820,momiji
464,464.0,/player/1078/tms,$0,tms
465,465.0,/player/12880/bandit,$0,bandit
466,466.0,/player/3013/zambie,$600,zambie
467,467.0,/player/17749/apl,$425,apl
468,468.0,/player/6583/carlos,$0,carlos
469,469.0,/player/26570/hoon,$0,hoon
470,470.0,/player/16/emuhleet,"$10,970",emuhleet
471,471.0,/player/13965/scoll,$425,scoll
472,472.0,/player/13064/bape,$400,bape
473,473.0,/player/8268/shootah,$0,shootah
474,474.0,/player/14162/kaz,$0,kaz
475,475.0,/player/8926/okin,"$1,090",okin
476,476.0,/player/11962/julia,"$1,300",julia
0,0.0,/player/2450/rustun,"$3,725",rustun
1,1.0,/player/3998/bewd,$731,bewd
2,2.0,/player/3062/benita,"$35,520",benita
3,3.0,/player/52/joshrt,$805,joshrt
4,4.0,/player/3111/laisha,$0,laisha
5,5.0,/player/833/melio,"$1,160",melio
6,6.0,/player/8276/pao,$0,pao
7,7.0,/player/1543/flippsy,$554,flippsy
8,8.0,/player/3708/miller,$200,miller
9,9.0,/player/28200/ames,$0,ames
10,10.0,/player/27337/daimyo,$0,daimyo
11,11.0,/player/759/nicolas,$0,nicolas
12,12.0,/player/16678/hawk,$0,hawk
13,13.0,/player/16727/donkey,$0,donkey
14,14.0,/player/6445/sogo,$40,sogo
15,15.0,/player/25501/jessie,$840,jessie
16,16.0,/player/8847/prod,$800,prod
17,17.0,/player/3971/nara,$370,nara
18,18.0,/player/8235/fugly,$140,fugly
19,19.0,/player/25927/pretaxmicrob,$0,pretaxmicrob
20,20.0,/player/20472/x0tek,$25,x0tek
21,21.0,/player/1409/coleup,$160,coleup
22,22.0,/player/1928/cevv,$400,cevv
23,23.0,/player/2054/ezire,$401,ezire
24,24.0,/player/12000/kepraj,$190,kepraj
25,25.0,/player/6640/soapytw,$0,soapytw
26,26.0,/player/7144/emzuwu,$460,emzuwu
27,27.0,/player/24211/tediousdeer2844,$0,tediousdeer2844
28,28.0,/player/8968/batz,$0,batz
29,29.0,/player/860/laski,$600,laski
30,30.0,/player/3210/trunkz,$0,trunkz
31,31.0,/player/3882/menace,"$3,650",menace
32,32.0,/player/6575/aniemal,"$3,570",aniemal
33,33.0,/player/3067/zoe,$40,zoe
34,34.0,/player/3240/pauly,$300,pauly
35,35.0,/player/21664/xqreaper,$0,xqreaper
36,36.0,/player/16681/shuga,$0,shuga
37,37.0,/player/11839/trippy,$50,trippy
38,38.0,/player/11980/lynn,"$2,090",lynn
39,39.0,/player/14056/fearozen,$0,fearozen
40,40.0,/player/3092/starlight,"$2,250",starlight
41,41.0,/player/26923/ceejay,$100,ceejay
42,42.0,/player/25333/gio,$0,gio
43,43.0,/player/8412/enzo,$748,enzo
44,44.0,/player/9105/dreylo,$217,dreylo
45,45.0,/player/20958/shiro,$200,shiro
46,46.0,/player/20324/maju,$0,maju
47,47.0,/player/466/churmz,"$3,845",churmz
48,48.0,/player/3011/osias,"$1,200",osias
49,49.0,/player/1135/bunny,$0,bunny
50,50.0,/player/2057/mikeysnipey,$0,mikeysnipey
51,51.0,/player/20316/romey,$0,romey
52,52.0,/player/19678/keta,$0,keta
53,53.0,/player/14841/melllxz,$0,melllxz
54,54.0,/player/7498/kipp,$320,kipp
55,55.0,/player/26905/yape,$0,yape
56,56.0,/player/3242/kayros,$990,kayros
57,57.0,/player/11945/denni,$0,denni
58,58.0,/player/3090/jenna,$0,jenna
59,59.0,/player/892/berghy,"$2,360",berghy
60,60.0,/player/4908/assert,$0,assert
61,61.0,/player/15595/patek,$0,patek
62,62.0,/player/21879/kurama,$320,kurama
63,63.0,/player/20426/violette,$220,violette
64,64.0,/player/3875/sora,$120,sora
65,65.0,/player/5081/famous,$400,famous
66,66.0,/player/31801/pierson,$400,pierson
67,67.0,/player/21470/lex,$280,lex
68,68.0,/player/14702/sofia,$0,sofia
69,69.0,/player/9431/cille,"$5,641",cille
70,70.0,/player/6431/potatoe,$410,potatoe
71,71.0,/player/9339/zurc,$400,zurc
72,72.0,/player/25940/savi,$0,savi
73,73.0,/player/26911/dgl,$0,dgl
74,74.0,/player/19066/kazz,$120,kazz
75,75.0,/player/17762/katar,$0,katar
76,76.0,/player/3689/teddy,$668,teddy
77,77.0,/player/6419/crit,$0,crit
78,78.0,/player/21472/seoul,$0,seoul
79,79.0,/player/9326/soojai,$400,soojai
80,80.0,/player/846/reshura,$340,reshura
81,81.0,/player/6634/ming,$900,ming
82,82.0,/player/30467/zamal,$0,zamal
83,83.0,/player/18847/chrome,$0,chrome
84,84.0,/player/19786/euroh,$0,euroh
85,85.0,/player/17254/atake,$0,atake
86,86.0,/player/21883/reece,$150,reece
87,87.0,/player/3094/alexe1337,$200,alexe1337
88,88.0,/player/21433/erkast,$500,erkast
89,89.0,/player/3988/r3p,$80,r3p
90,90.0,/player/1087/waltz,$100,waltz
91,91.0,/player/8086/gmanchew,$0,gmanchew
92,92.0,/player/15726/paige,$0,paige
93,93.0,/player/21184/tie,"$1,460",tie
94,94.0,/player/1114/n4ts,$710,n4ts
95,95.0,/player/2121/jet,$700,jet
96,96.0,/player/21259/troll,$200,troll
97,97.0,/player/8079/aj,$0,aj
98,98.0,/player/20961/stobie,$0,stobie
99,99.0,/player/27854/light,$300,light
100,100.0,/player/23390/br9dy,$0,br9dy
101,101.0,/player/8409/primemcd,$400,primemcd
102,102.0,/player/8339/harmony,$0,harmony
103,103.0,/player/2396/shoukr,$500,shoukr
104,104.0,/player/20421/aery,$0,aery
105,105.0,/player/14428/vanish,$100,vanish
106,106.0,/player/15998/micknutty333,$930,micknutty333
107,107.0,/player/56/shroud,$0,shroud
108,108.0,/player/9036/demo,$0,demo
109,109.0,/player/32654/david,$0,david
110,110.0,/player/32458/sable,$350,sable
111,111.0,/player/3992/lou,$0,lou
112,112.0,/player/1591/adam,$440,adam
113,113.0,/player/9320/fonder,$0,fonder
114,114.0,/player/26467/reign,$0,reign
115,115.0,/player/35/valliate,$0,valliate
116,116.0,/player/26907/thai,$0,thai
117,117.0,/player/19249/kraken,$0,kraken
118,118.0,/player/8426/witch,$0,witch
119,119.0,/player/3877/veer,$0,veer
120,120.0,/player/9049/ares,$275,ares
121,121.0,/player/5089/nothin,$400,nothin
122,122.0,/player/22922/haxxa,$0,haxxa
123,123.0,/player/2162/insky,$600,insky
124,124.0,/player/14116/burton,$0,burton
125,125.0,/player/15345/danii,$0,danii
126,126.0,/player/19603/qlutch,$0,qlutch
127,127.0,/player/24580/sharked,$511,sharked
128,128.0,/player/16684/chqse,$0,chqse
129,129.0,/player/32667/nora,$200,nora
130,130.0,/player/21321/stig,$0,stig
131,131.0,/player/12907/elvis,$110,elvis
132,132.0,/player/28310/druff,$300,druff
133,133.0,/player/15069/suerte,$0,suerte
134,134.0,/player/9031/soop,$0,soop
135,135.0,/player/14726/shockah,"$1,170",shockah
136,136.0,/player/3994/dom,$0,dom
137,137.0,/player/9106/shnozerbulldozer,$217,shnozerbulldozer
138,138.0,/player/26270/yukiyo,$40,yukiyo
139,139.0,/player/11959/leelee,"$2,250",leelee
140,140.0,/player/16002/spaz,$0,spaz
141,141.0,/player/13947/nightmare,$400,nightmare
142,142.0,/player/25245/island,"$1,217",island
143,143.0,/player/6403/hyun,$240,hyun
144,144.0,/player/16694/psyche,$900,psyche
145,145.0,/player/15624/sanity,$0,sanity
146,146.0,/player/17769/enaye,$0,enaye
147,147.0,/player/760/tork,$0,tork
148,148.0,/player/15709/kamiunist,$110,kamiunist
149,149.0,/player/21502/sangogg,$0,sangogg
150,150.0,/player/3001/wrong,$344,wrong
151,151.0,/player/6446/shane,$0,shane
152,152.0,/player/832/mille,"$1,160",mille
153,153.0,/player/6413/arec,$0,arec
154,154.0,/player/14999/leah,$100,leah
155,155.0,/player/21591/laddermoves,$335,laddermoves
156,156.0,/player/6621/ar5,$0,ar5
157,157.0,/player/15440/storax,$955,storax
158,158.0,/player/5096/rano,$160,rano
159,159.0,/player/25514/cyn,$300,cyn
160,160.0,/player/17772/drios,$0,drios
161,161.0,/player/3239/jp2,$300,jp2
162,162.0,/player/610/infinite,"$1,400",infinite
163,163.0,/player/25233/alpine,$40,alpine
164,164.0,/player/24951/flop,$0,flop
165,165.0,/player/3710/yana,$340,yana
166,166.0,/player/28156/m1yu,"$1,240",m1yu
167,167.0,/player/13754/kouf,$418,kouf
168,168.0,/player/10071/jgm,$0,jgm
169,169.0,/player/5101/wobbs,$175,wobbs
170,170.0,/player/32665/xnb,$0,xnb
171,171.0,/player/12919/shrouts,$0,shrouts
172,172.0,/player/24209/kal,$0,kal
173,173.0,/player/26560/atticus,$0,atticus
174,174.0,/player/24249/badger,$0,badger
175,175.0,/player/14715/kay,"$1,890",kay
176,176.0,/player/11966/leahpanda,"$5,820",leahpanda
177,177.0,/player/11964/maryna,"$2,530",maryna
178,178.0,/player/2055/sugarfree,$931,sugarfree
179,179.0,/player/1122/zill,$0,zill
180,180.0,/player/6436/jben,$120,jben
181,181.0,/player/6633/symbiotic,$0,symbiotic
182,182.0,/player/816/akis,"$4,800",akis
183,183.0,/player/15/m1lky,"$2,000",m1lky
184,184.0,/player/5042/stunny,$500,stunny
185,185.0,/player/29750/upset,$240,upset
186,186.0,/player/865/nurfed,"$6,725",nurfed
187,187.0,/player/12904/royal,$645,royal
188,188.0,/player/20364/roompa,$580,roompa
189,189.0,/player/28404/deejay,$0,deejay
190,190.0,/player/1021/morgausse,$980,morgausse
191,191.0,/player/4006/casperr,$100,casperr
192,192.0,/player/25168/dip,$0,dip
193,193.0,/player/8410/chime,$320,chime
194,194.0,/player/21888/fractured,$500,fractured
195,195.0,/player/21750/kenny,$50,kenny
196,196.0,/player/19555/cwaudia,$690,cwaudia
197,197.0,/player/14296/lomein,$200,lomein
198,198.0,/player/2120/welshy,"$1,061",welshy
199,199.0,/player/6457/benevolence,$60,benevolence
200,200.0,/player/2124/nedg,$0,nedg
201,201.0,/player/3966/zerodata,$400,zerodata
202,202.0,/player/24517/rexgator,$150,rexgator
203,203.0,/player/18737/ysk,$0,ysk
204,204.0,/player/21669/dino,$0,dino
205,205.0,/player/462/spirit,$0,spirit
206,206.0,/player/22544/fanbf4,$0,fanbf4
207,207.0,/player/15712/lunah,"$2,110",lunah
208,208.0,/player/3717/paranoid,$200,paranoid
209,209.0,/player/14775/hyperduck,$0,hyperduck
210,210.0,/player/26393/sai,$0,sai
211,211.0,/player/10060/instxnct,$240,instxnct
212,212.0,/player/8432/neat,$0,neat
213,213.0,/player/14720/melj,$0,melj
214,214.0,/player/17958/existinge,$0,existinge
215,215.0,/player/22971/legedien,$0,legedien
216,216.0,/player/6571/sideswipe,$0,sideswipe
217,217.0,/player/8750/sworns,$569,sworns
218,218.0,/player/5100/rejante,"$1,786",rejante
219,219.0,/player/15747/supermonkey,$220,supermonkey
220,220.0,/player/14729/kayleigh,$0,kayleigh
221,221.0,/player/8393/nudle,$0,nudle
222,222.0,/player/6438/rev0h,$60,rev0h
223,223.0,/player/8908/envys,$240,envys
224,224.0,/player/5121/chanse,$980,chanse
225,225.0,/player/26029/cece,$100,cece
226,226.0,/player/21033/crazymojo,$315,crazymojo
227,227.0,/player/61/player1,"$11,500",player1
228,228.0,/player/14787/papasmurf,$400,papasmurf
229,229.0,/player/28547/habibti,$140,habibti
230,230.0,/player/23403/typhon,$0,typhon
231,231.0,/player/4931/add3r,"$3,917",add3r
232,232.0,/player/5024/kip,$299,kip
233,233.0,/player/13962/nate,$250,nate
234,234.0,/player/9022/kingston,$715,kingston
235,235.0,/player/8914/lazee,$440,lazee
236,236.0,/player/14081/waffle,$0,waffle
237,237.0,/player/24548/shimmyxd,$962,shimmyxd
238,238.0,/player/12879/carn0,$0,carn0
239,239.0,/player/16668/prof,$0,prof
240,240.0,/player/3679/ikonik,"$1,321",ikonik
241,241.0,/player/8270/jd,$0,jd
242,242.0,/player/4008/dior,$60,dior
243,243.0,/player/14091/satty,$0,satty
244,244.0,/player/26033/kawaii,$0,kawaii
245,245.0,/player/22891/sosa,$0,sosa
246,246.0,/player/8267/dangle,$310,dangle
247,247.0,/player/9317/exotic,$0,exotic
248,248.0,/player/838/cutefatboy,"$1,300",cutefatboy
249,249.0,/player/16726/chavez,$200,chavez
250,250.0,/player/21028/flonson,$320,flonson
251,251.0,/player/6388/thiief,$0,thiief
252,252.0,/player/25746/hernando,$70,hernando
253,253.0,/player/26183/monkey02,$0,monkey02
254,254.0,/player/16869/kaya,$0,kaya
255,255.0,/player/3000/abe,$0,abe
256,256.0,/player/23387/jamkes,$0,jamkes
257,257.0,/player/3884/complex,$210,complex
258,258.0,/player/10031/boda,$50,boda
259,259.0,/player/839/gh0st,$100,gh0st
260,260.0,/player/267/tem,$10,tem
261,261.0,/player/26568/kenji,$425,kenji
262,262.0,/player/12873/dagr1s,$0,dagr1s
263,263.0,/player/14706/ptero,$100,ptero
264,264.0,/player/3007/tdawgg,"$1,720",tdawgg
265,265.0,/player/8342/yum07,$560,yum07
266,266.0,/player/22/joseph,$200,joseph
267,267.0,/player/4007/powa,$0,powa
268,268.0,/player/9044/churro,$450,churro
269,269.0,/player/8263/distorted,$150,distorted
270,270.0,/player/605/keiti,"$3,333",keiti
271,271.0,/player/14851/sarastarr,$730,sarastarr
272,272.0,/player/27907/cawn,$600,cawn
273,273.0,/player/1131/root,$0,root
274,274.0,/player/26455/lbuddy,$60,lbuddy
275,275.0,/player/13752/tempt,$320,tempt
276,276.0,/player/3219/carbyn,$200,carbyn
277,277.0,/player/28179/ashxtru,$0,ashxtru
278,278.0,/player/20922/zekei,$20,zekei
279,279.0,/player/3703/eccentrik,$0,eccentrik
280,280.0,/player/15016/feigned,$480,feigned
281,281.0,/player/76/kurt,$10,kurt
282,282.0,/player/14111/wild,$140,wild
283,283.0,/player/14718/cciscray,$0,cciscray
284,284.0,/player/14166/testingservice69,$0,testingservice69
285,285.0,/player/20/khai,$50,khai
286,286.0,/player/15493/decay,$250,decay
287,287.0,/player/8542/jaomock,$0,jaomock
288,288.0,/player/11943/starryy,$280,starryy
289,289.0,/player/21791/vyx,$100,vyx
290,290.0,/player/28499/nxble,$400,nxble
291,291.0,/player/1764/frisco,$0,frisco
292,292.0,/player/14040/trensiq,$200,trensiq
293,293.0,/player/9047/natty,$500,natty
294,294.0,/player/1927/chobo,"$8,520",chobo
295,295.0,/player/21034/notta,$0,notta
296,296.0,/player/8751/blackmoose,$820,blackmoose
297,297.0,/player/3705/hilton,$360,hilton
298,298.0,/player/21257/social,$200,social
299,299.0,/player/26229/bubbles,$0,bubbles
300,300.0,/player/2118/silenx,$550,silenx
301,301.0,/player/3719/matt,$0,matt
302,302.0,/player/3690/hira,$50,hira
303,303.0,/player/14043/heero,$0,heero
304,304.0,/player/5099/boltzy,$550,boltzy
305,305.0,/player/2117/hia,$350,hia
306,306.0,/player/22921/saint,$340,saint
307,307.0,/player/3726/ethos,"$4,402",ethos
308,308.0,/player/18768/rykinn,$200,rykinn
309,309.0,/player/4929/tayz,$125,tayz
310,310.0,/player/21037/dre,$398,dre
311,311.0,/player/14164/nmgreen,$0,nmgreen
312,312.0,/player/2998/zid,$0,zid
313,313.0,/player/27353/toxik,$0,toxik
314,314.0,/player/8399/mocking,"$2,975",mocking
315,315.0,/player/1537/sympul,$360,sympul
316,316.0,/player/30979/jello,$444,jello
317,317.0,/player/3099/genuine,$500,genuine
318,318.0,/player/19784/delight,$0,delight
319,319.0,/player/8264/mazza,$20,mazza
320,320.0,/player/3233/b0ssy,"$3,010",b0ssy
321,321.0,/player/28199/amber,$0,amber
322,322.0,/player/8858/dynasty,$665,dynasty
323,323.0,/player/2132/sugoitkapp,$0,sugoitkapp
324,324.0,/player/14705/artstar,"$3,880",artstar
325,325.0,/player/26179/coffeemaker1,$0,coffeemaker1
326,326.0,/player/24865/acrian,$448,acrian
327,327.0,/player/8262/campion,$618,campion
328,328.0,/player/627/grego,$10,grego
329,329.0,/player/15501/endure,$150,endure
330,330.0,/player/3177/art1c,$50,art1c
331,331.0,/player/14080/selldrudd,$0,selldrudd
332,332.0,/player/25745/kumi,$0,kumi
333,333.0,/player/21500/ltomlee,$30,ltomlee
334,334.0,/player/8332/abram,$0,abram
335,335.0,/player/3686/zebroe,$545,zebroe
336,336.0,/player/20439/beko,$0,beko
337,337.0,/player/4372/bru,$0,bru
338,338.0,/player/18785/manbow,$60,manbow
339,339.0,/player/8272/wubby,$260,wubby
340,340.0,/player/11881/s2a,$20,s2a
341,341.0,/player/6404/moonblue,$340,moonblue
342,342.0,/player/10013/arctic,$400,arctic
343,343.0,/player/12912/aroma,$0,aroma
344,344.0,/player/15436/mady,$120,mady
345,345.0,/player/9325/posters,$0,posters
346,346.0,/player/11082/rythm,$0,rythm
347,347.0,/player/16005/unae,$0,unae
348,348.0,/player/16028/klamran,$20,klamran
349,349.0,/player/757/kaplan,$0,kaplan
350,350.0,/player/3104/potter,"$3,100",potter
351,351.0,/player/10436/thigwrb,$600,thigwrb
352,352.0,/player/25244/eskay,"$1,167",eskay
353,353.0,/player/9103/jdawnx,$0,jdawnx
354,354.0,/player/862/b0i,"$6,325",b0i
355,355.0,/player/4145/antol,$665,antol
356,356.0,/player/20441/pyro,$100,pyro
357,357.0,/player/1025/dsr,$50,dsr
358,358.0,/player/21878/snarly,$850,snarly
359,359.0,/player/9061/fraggleton,$178,fraggleton
360,360.0,/player/19567/fifi,$40,fifi
361,361.0,/player/24226/mist,$0,mist
362,362.0,/player/6537/onesnipeko,$20,onesnipeko
363,363.0,/player/21598/vorteez,$0,vorteez
364,364.0,/player/3060/blush,$0,blush
365,365.0,/player/904/kyro,$400,kyro
366,366.0,/player/817/fns,"$153,200",fns
367,367.0,/player/5112/jeba,$0,jeba
368,368.0,/player/8948/smartpunch,$200,smartpunch
369,369.0,/player/2127/babu,$100,babu
370,370.0,/player/15003/miyara,$0,miyara
371,371.0,/player/14640/hyunseo,$0,hyunseo
372,372.0,/player/14719/ragingpenguin,$0,ragingpenguin
373,373.0,/player/2128/toastyunicorns,$299,toastyunicorns
374,374.0,/player/29688/mikee,$20,mikee
375,375.0,/player/19677/lucas,$698,lucas
376,376.0,/player/3986/restoredrambo,$0,restoredrambo
377,377.0,/player/11961/highkeyangel,$0,highkeyangel
378,378.0,/player/8972/mungusthegiant,$0,mungusthegiant
379,379.0,/player/15103/jazzyb,$0,jazzyb
380,380.0,/player/14747/buhms,$300,buhms
381,381.0,/player/891/duck,"$1,710",duck
382,382.0,/player/21783/kaic,$0,kaic
383,383.0,/player/21714/coach-joe,$508,coach-joe
384,384.0,/player/25510/teddyisfluffy,$0,teddyisfluffy
385,385.0,/player/8434/nabil,"$1,020",nabil
386,386.0,/player/14703/kxtieoh,"$3,700",kxtieoh
387,387.0,/player/3188/showtime,$210,showtime
388,388.0,/player/25869/migstur,$20,migstur
389,389.0,/player/8405/awkua,"$3,230",awkua
390,390.0,/player/14036/wraith,$150,wraith
391,391.0,/player/14046/leviperrr,$0,leviperrr
392,392.0,/player/828/reformed,"$7,210",reformed
393,393.0,/player/24239/dragon,$0,dragon
394,394.0,/player/32149/curryasd,$550,curryasd
395,395.0,/player/3684/pugstar,$200,pugstar
396,396.0,/player/3682/maithority,$0,maithority
397,397.0,/player/9065/pix,$100,pix
398,398.0,/player/11963/kay,"$1,500",kay
399,399.0,/player/741/hoppin,$330,hoppin
400,400.0,/player/9109/thom,$20,thom
401,401.0,/player/24231/beast,$0,beast
402,402.0,/player/5130/shora,$140,shora
403,403.0,/player/18770/rilla,$0,rilla
404,404.0,/player/18784/cfax,$0,cfax
405,405.0,/player/21993/gonchz,$400,gonchz
406,406.0,/player/5052/plat1num,$658,plat1num
407,407.0,/player/3241/getgreedy,"$1,200",getgreedy
408,408.0,/player/8326/shen,$900,shen
409,409.0,/player/26465/arckite,$20,arckite
410,410.0,/player/5083/streets,$450,streets
411,411.0,/player/20962/dkim,$0,dkim
412,412.0,/player/8936/town,$800,town
413,413.0,/player/3693/jelii,$340,jelii
414,414.0,/player/23409/yongled,$0,yongled
415,415.0,/player/5147/strafe,$320,strafe
416,416.0,/player/3879/huston,"$1,375",huston
417,417.0,/player/18775/casual,$60,casual
418,418.0,/player/21316/coldy,$0,coldy
419,419.0,/player/15000/psychowinn,$200,psychowinn
420,420.0,/player/26565/jas0n,$0,jas0n
421,421.0,/player/11697/akame,$0,akame
422,422.0,/player/25599/alvarxz,$700,alvarxz
423,423.0,/player/16662/osu,$77,osu
424,424.0,/player/13751/cloudey,$98,cloudey
425,425.0,/player/3985/xyph9r,$0,xyph9r
426,426.0,/player/4917/kaoticcc,$700,kaoticcc
427,427.0,/player/9035/ah1ra,$0,ah1ra
428,428.0,/player/15408/sobersushi,$80,sobersushi
429,429.0,/player/15002/cch0,$40,cch0
430,430.0,/player/14722/slandy,"$3,240",slandy
431,431.0,/player/8761/pkr,$0,pkr
432,432.0,/player/8529/soyanthony,$200,soyanthony
433,433.0,/player/5039/wooo,$0,wooo
434,434.0,/player/6463/bazix,$0,bazix
435,435.0,/player/895/willzki,$360,willzki
436,436.0,/player/3064/naomi,"$4,560",naomi
437,437.0,/player/2161/leak,"$1,630",leak
438,438.0,/player/9038/rest,$278,rest
439,439.0,/player/15850/krinklebein,$100,krinklebein
440,440.0,/player/58/relyks,"$3,960",relyks
441,441.0,/player/14748/jasprr,$0,jasprr
442,442.0,/player/758/robwiz,"$1,400",robwiz
443,443.0,/player/29076/satellite,$100,satellite
444,444.0,/player/5189/eley,"$1,950",eley
445,445.0,/player/14780/hollywood,$0,hollywood
446,446.0,/player/10044/yolo,$0,yolo
447,447.0,/player/20142/laoken,$0,laoken
448,448.0,/player/13084/smiley,$555,smiley
449,449.0,/player/20906/emm,$0,emm
450,450.0,/player/3105/alimonstr,"$3,960",alimonstr
451,451.0,/player/19565/bellexion,$420,bellexion
452,452.0,/player/24948/jay,$0,jay
453,453.0,/player/26230/rayano,$333,rayano
454,454.0,/player/11977/junafour,$200,junafour
455,455.0,/player/25618/allegedlyalexa,$0,allegedlyalexa
456,456.0,/player/17258/dsyleixc,$100,dsyleixc
457,457.0,/player/5161/wolffe,$50,wolffe
458,458.0,/player/1022/ninja,$10,ninja
459,459.0,/player/27361/donovan,$0,donovan
460,460.0,/player/12878/papacole,$0,papacole
461,461.0,/player/16025/jekor,$398,jekor
462,462.0,/player/14082/plaza,$0,plaza
463,463.0,/player/5028/alvin,$50,alvin
464,464.0,/player/3718/steph,$300,steph
465,465.0,/player/14642/cheesyace,$0,cheesyace
466,466.0,/player/28905/papicam,$0,papicam
467,467.0,/player/29135/jayymilz,$0,jayymilz
468,468.0,/player/15646/magowi,$310,magowi
469,469.0,/player/17979/nmutua,"$1,587",nmutua
470,470.0,/player/6586/wasd,$260,wasd
471,471.0,/player/5055/polarbear,$0,polarbear
472,472.0,/player/8371/vasperal,$0,vasperal
473,473.0,/player/5053/tonyv,$0,tonyv
474,474.0,/player/3991/sh,$0,sh
475,475.0,/player/1128/justinovah,$0,justinovah
476,476.0,/player/5128/polkan,$0,polkan
477,477.0,/player/26873/jsin,$0,jsin
478,478.0,/player/17353/yellowfish,$210,yellowfish
479,479.0,/player/14992/gigi,$0,gigi
480,480.0,/player/11066/yngty,$400,yngty
481,481.0,/player/9048/chels,$200,chels
482,482.0,/player/15338/ciao,"$2,000",ciao
483,483.0,/player/15625/interlaced,$20,interlaced
484,484.0,/player/28402/bless,$0,bless
485,485.0,/player/3112/starriebun,"$3,880",starriebun
486,486.0,/player/9039/yoda,$0,yoda
487,487.0,/player/1589/chase,"$3,410",chase
488,488.0,/player/26883/3005,$0,3005
489,489.0,/player/9002/kev,$805,kev
490,490.0,/player/3108/apidaez,$270,apidaez
491,491.0,/player/17760/asian,$0,asian
492,492.0,/player/29136/isaac,$0,isaac
493,493.0,/player/11957/tiraye,"$2,900",tiraye
494,494.0,/player/14838/eqnx,$0,eqnx
495,495.0,/player/4342/flavor,$140,flavor
496,496.0,/player/1134/figment,$450,figment
497,497.0,/player/8933/soar,$0,soar
498,498.0,/player/12933/skim,$300,skim
499,499.0,/player/6608/crakd,$40,crakd
500,500.0,/player/14108/apqa,$0,apqa
501,501.0,/player/11967/ksweet,$0,ksweet
502,502.0,/player/6386/spoog,$0,spoog
503,503.0,/player/3694/synergy,$0,synergy
504,504.0,/player/21036/nukeprophet,$0,nukeprophet
505,505.0,/player/3230/tyler,$560,tyler
506,506.0,/player/3965/kilroy,$60,kilroy
507,507.0,/player/14192/killermiller,$0,killermiller
508,508.0,/player/8273/adrenaline,"$3,695",adrenaline
509,509.0,/player/19293/evad,$200,evad
510,510.0,/player/14024/p-i-g-g-y,$0,p-i-g-g-y
511,511.0,/player/3728/ronaldo,$783,ronaldo
512,512.0,/player/3181/joba,"$2,157",joba
513,513.0,/player/10878/style,$40,style
514,514.0,/player/8928/wick,$0,wick
515,515.0,/player/1413/moechilla,$810,moechilla
516,516.0,/player/5075/aldens,$0,aldens
517,517.0,/player/21597/aru,$0,aru
518,518.0,/player/8990/john-ham,$600,john-ham
519,519.0,/player/3004/alphafly,$350,alphafly
520,520.0,/player/24250/tn,$0,tn
521,521.0,/player/19556/melya,$200,melya
522,522.0,/player/27884/unstable,$50,unstable
523,523.0,/player/5177/syncer,$640,syncer
524,524.0,/player/29690/smalls,$20,smalls
525,525.0,/player/14078/leaves,$0,leaves
526,526.0,/player/21679/drenzn,$0,drenzn
527,527.0,/player/6610/toast,$0,toast
528,528.0,/player/7495/66j,$100,66j
529,529.0,/player/26512/always,$0,always
530,530.0,/player/22917/altered,$0,altered
531,531.0,/player/70/anger,$0,anger
532,532.0,/player/11956/maddie,"$1,720",maddie
533,533.0,/player/19281/jinnie,$0,jinnie
534,534.0,/player/8744/redo,$0,redo
535,535.0,/player/8752/soba,$220,soba
536,536.0,/player/18807/gjalla,$0,gjalla
537,537.0,/player/31433/juice,$0,juice
538,538.0,/player/24232/spook,$0,spook
539,539.0,/player/193/tetchra,$480,tetchra
540,540.0,/player/6434/caders,"$1,000",caders
541,541.0,/player/14652/kalvinn,$0,kalvinn
542,542.0,/player/16027/crown,$0,crown
543,543.0,/player/4371/xceed,$0,xceed
544,544.0,/player/6643/unholykid,$50,unholykid
545,545.0,/player/8747/cky,$290,cky
546,546.0,/player/5176/tanaka,$0,tanaka
547,547.0,/player/11051/luglumpy,$0,luglumpy
548,548.0,/player/1133/tucker,$0,tucker
549,549.0,/player/28971/cutedog,$0,cutedog
550,550.0,/player/3711/mizoo,$340,mizoo
551,551.0,/player/8328/renai,$0,renai
552,552.0,/player/26166/blitzz,$400,blitzz
553,553.0,/player/17747/blank,$500,blank
554,554.0,/player/5150/jsauls,$0,jsauls
555,555.0,/player/3709/lin,$340,lin
556,556.0,/player/6444/luckyleader,$0,luckyleader
557,557.0,/player/16671/welyy,$20,welyy
558,558.0,/player/463/ksiaze,"$1,025",ksiaze
559,559.0,/player/22541/khaled,$399,khaled
560,560.0,/player/837/dxn,"$1,300",dxn
561,561.0,/player/8527/reprive,$400,reprive
562,562.0,/player/3138/instinct,$861,instinct
563,563.0,/player/8947/unshaken,$410,unshaken
564,564.0,/player/3211/lyt,$0,lyt
565,565.0,/player/15628/yif,$60,yif
566,566.0,/player/3969/foreplay,$395,foreplay
567,567.0,/player/4910/rkta,$0,rkta
568,568.0,/player/21587/fate,$0,fate
569,569.0,/player/20912/eoz,$0,eoz
570,570.0,/player/3231/medusa,$0,medusa
571,571.0,/player/21127/korosu,"$1,137",korosu
572,572.0,/player/16660/conch,$0,conch
573,573.0,/player/10950/mueda,$0,mueda
574,574.0,/player/16026/maanish,"$1,050",maanish
575,575.0,/player/30469/tommy,$0,tommy
576,576.0,/player/9102/tylo,$0,tylo
577,577.0,/player/15077/lana,$100,lana
578,578.0,/player/14503/cai,$300,cai
579,579.0,/player/268/stealthymike,$80,stealthymike
580,580.0,/player/14058/willy,$200,willy
581,581.0,/player/269/elevate,"$1,190",elevate
582,582.0,/player/11983/spite,$0,spite
583,583.0,/player/21748/npanda,$50,npanda
584,584.0,/player/8758/benjii,"$5,264",benjii
585,585.0,/player/15344/babysharkzaza66,$120,babysharkzaza66
586,586.0,/player/3180/frosty,"$6,060",frosty
587,587.0,/player/20957/stunna,$200,stunna
588,588.0,/player/28197/tailo,$0,tailo
589,589.0,/player/14113/hoot,$0,hoot
590,590.0,/player/13766/bawn,$70,bawn
591,591.0,/player/25596/toskri,$77,toskri
592,592.0,/player/26223/bahzar,$0,bahzar
593,593.0,/player/13798/dykaz,$0,dykaz
594,594.0,/player/19671/egggs831,$0,egggs831
595,595.0,/player/6412/ouate,$511,ouate
596,596.0,/player/6620/dreamz,$0,dreamz
597,597.0,/player/29689/mikester,$20,mikester
598,598.0,/player/10877/gosha,$40,gosha
599,599.0,/player/21258/gcxxi,$178,gcxxi
600,600.0,/player/3136/dev,$60,dev
601,601.0,/player/8518/tillo,$238,tillo
602,602.0,/player/15724/ermcaroline,$0,ermcaroline
603,603.0,/player/8275/jpark,$0,jpark
604,604.0,/player/17255/ino,$0,ino
605,605.0,/player/19288/core,$0,core
606,606.0,/player/13979/legend,$0,legend
607,607.0,/player/420/koler,"$4,194",koler
608,608.0,/player/840/psalm,"$4,300",psalm
609,609.0,/player/31911/pajko,$0,pajko
610,610.0,/player/14001/phoon,$470,phoon
611,611.0,/player/3720/eshotz,$60,eshotz
0,,/player/20342/jaryd,$0,jaryd
1,,/player/28305/mfh,$0,mfh
2,,/player/20351/addison,$0,addison
3,,/player/21542/zento,$0,zento
4,,/player/28198/snackie,$0,snackie
5,,/player/28274/khoi,$125,khoi
6,,/player/5131/neprix,$450,neprix
7,,/player/26170/jacket,$0,jacket
8,,/player/5057/thoomer,$300,thoomer
9,,/player/2533/runnerps,$280,runnerps
10,,/player/15636/scarn,$350,scarn
11,,/player/29133/kmlord,$150,kmlord
12,,/player/894/xp3,$300,xp3
13,,/player/9055/night,$0,night
14,,/player/4399/stealthy,$614,stealthy
15,,/player/15027/shockah-bobackah,$0,shockah-bobackah
16,,/player/19292/jwordn,$25,jwordn
17,,/player/752/witness,$160,witness
18,,/player/48/dizzy,$350,dizzy
19,,/player/6611/frizzy,$100,frizzy
20,,/player/13797/philip,$0,philip
21,,/player/14299/jeffrey,$0,jeffrey
22,,/player/21596/darrin,$560,darrin
23,,/player/26267/mile,$80,mile
24,,/player/15494/imposter,$0,imposter
25,,/player/26848/zeek,$428,zeek
26,,/player/21/turnup,$280,turnup
27,,/player/17773/veloo,$0,veloo
28,,/player/20329/joey,$0,joey
29,,/player/18850/demon,$453,demon
30,,/player/3134/nosyy,$240,nosyy
31,,/player/20338/kuaresma,$50,kuaresma
32,,/player/6405/karizmah,$0,karizmah
33,,/player/1407/kurtis,$160,kurtis
34,,/player/21592/teets,$0,teets
35,,/player/15495/scroll,$458,scroll
36,,/player/27365/drave,$0,drave
37,,/player/5030/vinny,$120,vinny
38,,/player/8906/nabaki,$0,nabaki
39,,/player/6442/v0ns,$0,v0ns
40,,/player/3228/drakious,$260,drakious
41,,/player/14991/amnesia,"$3,000",amnesia
42,,/player/3207/xeric,$200,xeric
43,,/player/3066/di,"$1,540",di
44,,/player/3190/eazy,$200,eazy
45,,/player/80/witmer,$530,witmer
46,,/player/27997/vroom,$0,vroom
47,,/player/3997/stee,$160,stee
48,,/player/3216/shifty,$200,shifty
49,,/player/15626/soul,$500,soul
50,,/player/24950/squirmor,$0,squirmor
51,,/player/31925/bladee,$425,bladee
52,,/player/18844/mood,$0,mood
53,,/player/16750/havex,$300,havex
54,,/player/6389/pnasty,$0,pnasty
55,,/player/24229/sufu,$0,sufu
56,,/player/1859/singularity,$0,singularity
57,,/player/19554/belle,$100,belle
58,,/player/26589/griffin,$20,griffin
59,,/player/14644/kryptic,$0,kryptic
60,,/player/19669/mattz,$430,mattz
61,,/player/28425/wh0,$10,wh0
62,,/player/10074/swifts,$665,swifts
63,,/player/5146/bm1,$130,bm1
64,,/player/14008/hopper,$20,hopper
65,,/player/14092/risorah,"$1,100",risorah
66,,/player/5167/aloka,$160,aloka
67,,/player/3714/avxrsive,$0,avxrsive
68,,/player/17429/enteka,"$1,075",enteka
69,,/player/2123/reality,$60,reality
70,,/player/3873/hoolign,$70,hoolign
71,,/player/4385/monsi,"$1,420",monsi
72,,/player/3229/hope,$150,hope
73,,/player/12001/imjustdevin,$0,imjustdevin
74,,/player/4384/khanartist,"$1,770",khanartist
75,,/player/21906/hudfame,$0,hudfame
76,,/player/38/pride,$0,pride
77,,/player/12918/sexychristian,$0,sexychristian
78,,/player/6624/scrounge,$790,scrounge
79,,/player/11979/dnos,$340,dnos
80,,/player/3712/diaamond,$200,diaamond
81,,/player/26910/worldrise,$0,worldrise
82,,/player/6414/fierce1,$0,fierce1
83,,/player/7983/ryann,"$1,650",ryann
84,,/player/8910/grimm,$0,grimm
85,,/player/20343/mobi,$0,mobi
86,,/player/7872/jonji,$0,jonji
87,,/player/17956/fairy,$890,fairy
88,,/player/26226/twizdd,$0,twizdd
89,,/player/14990/bunnyhuh,$700,bunnyhuh
90,,/player/25907/pretty,$0,pretty
91,,/player/15584/dash,$0,dash
92,,/player/609/shinobi,"$2,000",shinobi
93,,/player/14497/azez,$0,azez
94,,/player/3238/just-in,$743,just-in
95,,/player/25224/heist,$0,heist
96,,/player/22937/karma,$0,karma
97,,/player/11960/rushhh,$240,rushhh
98,,/player/20442/bluezz,$217,bluezz
99,,/player/25229/jupiter,$0,jupiter
100,,/player/18738/ero,$0,ero
101,,/player/11063/dill,$400,dill
102,,/player/8862/uncreative,$20,uncreative
103,,/player/30846/felix,$0,felix
104,,/player/27852/iceykl,$0,iceykl
105,,/player/14044/jjjoshy,$0,jjjoshy
106,,/player/4932/dubbin,$560,dubbin
107,,/player/6607/kasche1x,$350,kasche1x
108,,/player/6435/brisk,$60,brisk
109,,/player/1080/dopai,$150,dopai
110,,/player/9084/jarosa,$0,jarosa
111,,/player/10052/rui,$20,rui
112,,/player/17354/vigilance,$0,vigilance
113,,/player/20885/swervo,$0,swervo
114,,/player/6415/yjs,$0,yjs
115,,/player/3700/puffin,$0,puffin
116,,/player/14131/floppy,"$5,000",floppy
117,,/player/5178/hyjinx,"$1,035",hyjinx
118,,/player/30980/borj,$150,borj
119,,/player/3218/agr0,$200,agr0
120,,/player/1593/zeck,"$2,240",zeck
121,,/player/30740/juice,$250,juice
122,,/player/11944/peachtea,$600,peachtea
123,,/player/16006/serg,$0,serg
124,,/player/626/lex,$0,lex
125,,/player/6595/serving,$50,serving
126,,/player/24553/boni,$0,boni
127,,/player/16739/denz,$50,denz
128,,/player/849/poised,"$14,395",poised
129,,/player/5020/branted,"$2,015",branted
130,,/player/16649/dravanra,$0,dravanra
131,,/player/3987/pingfu,$200,pingfu
